inventoryRowId,legacyRecordId,legacyName,sourceLocation,sourceSymbolOrCollection,sourceType,currentEntityType,currentStatus,currentCategory,currentSubcategory,currentMetrics,currentUnits,currentChallengeTypes,currentWorkoutUsage,currentContentAvailable,duplicateCandidateGroup,runtimeReachability,evidenceReference,notes
"FIT-LEG-0001","plank-forearm-plank","Plank (Forearm Plank)","catalogExercises_CLEAN.json","documents[] / catalogExercises","static-catalog-record","exercise","local-seed-source","Core","Strength","time","seconds","collective|competitive|streak (wizard selectable)","selectable and loggable after Firestore seed/admin import","tier_1|tier_2|difficulty|musclesTargeted|equipment|trainingGoals|metric|description|setup|execution|breathing|formCues|commonMistakes|progressions|advancedVariations|safetyNotes|recommendedVolume|tags|movementType|holdBased","candidate-plank-generic","seed-to-active-runtime","catalogExercises_CLEAN.json:4","difficulty=Beginner; movementType=isometric; holdBased=true"
"FIT-LEG-0002","side-plank-left","Side Plank Left","catalogExercises_CLEAN.json","documents[] / catalogExercises","static-catalog-record","exercise","local-seed-source","Core","Strength","time","seconds","collective|competitive|streak (wizard selectable)","selectable and loggable after Firestore seed/admin import","tier_1|tier_2|difficulty|musclesTargeted|equipment|trainingGoals|metric|description|setup|execution|breathing|formCues|commonMistakes|progressions|advancedVariations|safetyNotes|recommendedVolume|tags|movementType|holdBased","unknown","seed-to-active-runtime","catalogExercises_CLEAN.json:91","difficulty=Intermediate; movementType=isometric; holdBased=true"
"FIT-LEG-0003","side-plank-right","Side Plank Right","catalogExercises_CLEAN.json","documents[] / catalogExercises","static-catalog-record","exercise","local-seed-source","Core","Strength","time","seconds","collective|competitive|streak (wizard selectable)","selectable and loggable after Firestore seed/admin import","tier_1|tier_2|difficulty|musclesTargeted|equipment|trainingGoals|metric|description|setup|execution|breathing|formCues|commonMistakes|progressions|advancedVariations|safetyNotes|recommendedVolume|tags|movementType|holdBased","unknown","seed-to-active-runtime","catalogExercises_CLEAN.json:178","difficulty=Intermediate; movementType=isometric; holdBased=true"
"FIT-LEG-0004","kneeling-side-plank-left","Kneeling Side Plank Left","catalogExercises_CLEAN.json","documents[] / catalogExercises","static-catalog-record","exercise","local-seed-source","Core","Strength","time","seconds","collective|competitive|streak (wizard selectable)","selectable and loggable after Firestore seed/admin import","tier_1|tier_2|difficulty|musclesTargeted|equipment|trainingGoals|metric|description|setup|execution|breathing|formCues|commonMistakes|progressions|advancedVariations|safetyNotes|recommendedVolume|tags|movementType|holdBased","unknown","seed-to-active-runtime","catalogExercises_CLEAN.json:265","difficulty=Beginner; movementType=isometric; holdBased=true"
"FIT-LEG-0005","kneeling-side-plank-right","Kneeling Side Plank Right","catalogExercises_CLEAN.json","documents[] / catalogExercises","static-catalog-record","exercise","local-seed-source","Core","Strength","time","seconds","collective|competitive|streak (wizard selectable)","selectable and loggable after Firestore seed/admin import","tier_1|tier_2|difficulty|musclesTargeted|equipment|trainingGoals|metric|description|setup|execution|breathing|formCues|commonMistakes|progressions|advancedVariations|safetyNotes|recommendedVolume|tags|movementType|holdBased","unknown","seed-to-active-runtime","catalogExercises_CLEAN.json:351","difficulty=Beginner; movementType=isometric; holdBased=true"
"FIT-LEG-0006","leg-up-side-plank-left","Leg Up Side Plank Left","catalogExercises_CLEAN.json","documents[] / catalogExercises","static-catalog-record","exercise","local-seed-source","Core","Strength","time","seconds","collective|competitive|streak (wizard selectable)","selectable and loggable after Firestore seed/admin import","tier_1|tier_2|difficulty|musclesTargeted|equipment|trainingGoals|metric|description|setup|execution|breathing|formCues|commonMistakes|progressions|advancedVariations|safetyNotes|recommendedVolume|tags|movementType|holdBased","unknown","seed-to-active-runtime","catalogExercises_CLEAN.json:437","difficulty=Advanced; movementType=isometric; holdBased=true"
"FIT-LEG-0007","leg-up-side-plank-right","Leg Up Side Plank Right","catalogExercises_CLEAN.json","documents[] / catalogExercises","static-catalog-record","exercise","local-seed-source","Core","Strength","time","seconds","collective|competitive|streak (wizard selectable)","selectable and loggable after Firestore seed/admin import","tier_1|tier_2|difficulty|musclesTargeted|equipment|trainingGoals|metric|description|setup|execution|breathing|formCues|commonMistakes|progressions|advancedVariations|safetyNotes|recommendedVolume|tags|movementType|holdBased","unknown","seed-to-active-runtime","catalogExercises_CLEAN.json:524","difficulty=Advanced; movementType=isometric; holdBased=true"
"FIT-LEG-0008","left-side-plank-with-arm-raised","Left Side Plank with Arm Raised","catalogExercises_CLEAN.json","documents[] / catalogExercises","static-catalog-record","exercise","local-seed-source","Core","Balance & Stability","time","seconds","collective|competitive|streak (wizard selectable)","selectable and loggable after Firestore seed/admin import","tier_1|tier_2|difficulty|musclesTargeted|equipment|trainingGoals|metric|description|setup|execution|breathing|formCues|commonMistakes|progressions|advancedVariations|safetyNotes|recommendedVolume|tags|movementType|holdBased","unknown","seed-to-active-runtime","catalogExercises_CLEAN.json:611","difficulty=Intermediate; movementType=isometric; holdBased=true"
"FIT-LEG-0009","right-side-plank-with-arm-raised","Right Side Plank with Arm Raised","catalogExercises_CLEAN.json","documents[] / catalogExercises","static-catalog-record","exercise","local-seed-source","Core","Balance & Stability","time","seconds","collective|competitive|streak (wizard selectable)","selectable and loggable after Firestore seed/admin import","tier_1|tier_2|difficulty|musclesTargeted|equipment|trainingGoals|metric|description|setup|execution|breathing|formCues|commonMistakes|progressions|advancedVariations|safetyNotes|recommendedVolume|tags|movementType|holdBased","unknown","seed-to-active-runtime","catalogExercises_CLEAN.json:697","difficulty=Intermediate; movementType=isometric; holdBased=true"
"FIT-LEG-0010","side-plank-with-left-leg-raised","Side Plank with Left Leg Raised","catalogExercises_CLEAN.json","documents[] / catalogExercises","static-catalog-record","exercise","local-seed-source","Core","Strength","time","seconds","collective|competitive|streak (wizard selectable)","selectable and loggable after Firestore seed/admin import","tier_1|tier_2|difficulty|musclesTargeted|equipment|trainingGoals|metric|description|setup|execution|breathing|formCues|commonMistakes|progressions|advancedVariations|safetyNotes|recommendedVolume|tags|movementType|holdBased","unknown","seed-to-active-runtime","catalogExercises_CLEAN.json:783","difficulty=Advanced; movementType=isometric; holdBased=true"
"FIT-LEG-0011","side-plank-with-right-leg-raised","Side Plank with Right Leg Raised","catalogExercises_CLEAN.json","documents[] / catalogExercises","static-catalog-record","exercise","local-seed-source","Core","Strength","time","seconds","collective|competitive|streak (wizard selectable)","selectable and loggable after Firestore seed/admin import","tier_1|tier_2|difficulty|musclesTargeted|equipment|trainingGoals|metric|description|setup|execution|breathing|formCues|commonMistakes|progressions|advancedVariations|safetyNotes|recommendedVolume|tags|movementType|holdBased","unknown","seed-to-active-runtime","catalogExercises_CLEAN.json:869","difficulty=Advanced; movementType=isometric; holdBased=true"
"FIT-LEG-0012","knee-plank","Knee Plank","catalogExercises_CLEAN.json","documents[] / catalogExercises","static-catalog-record","exercise","local-seed-source","Core","Strength","time","seconds","collective|competitive|streak (wizard selectable)","selectable and loggable after Firestore seed/admin import","tier_1|tier_2|difficulty|musclesTargeted|equipment|trainingGoals|metric|description|setup|execution|breathing|formCues|commonMistakes|progressions|advancedVariations|safetyNotes|recommendedVolume|tags|movementType|holdBased","unknown","seed-to-active-runtime","catalogExercises_CLEAN.json:955","difficulty=Beginner; movementType=isometric; holdBased=true"
"FIT-LEG-0013","straight-arm-knee-plank","Straight Arm Knee Plank","catalogExercises_CLEAN.json","documents[] / catalogExercises","static-catalog-record","exercise","local-seed-source","Core","Strength","time","seconds","collective|competitive|streak (wizard selectable)","selectable and loggable after Firestore seed/admin import","tier_1|tier_2|difficulty|musclesTargeted|equipment|trainingGoals|metric|description|setup|execution|breathing|formCues|commonMistakes|progressions|advancedVariations|safetyNotes|recommendedVolume|tags|movementType|holdBased","unknown","seed-to-active-runtime","catalogExercises_CLEAN.json:1040","difficulty=Beginner; movementType=isometric; holdBased=true"
"FIT-LEG-0014","straight-arm-plank-high-plank","Straight Arm Plank (High Plank)","catalogExercises_CLEAN.json","documents[] / catalogExercises","static-catalog-record","exercise","local-seed-source","Core","Strength","time","seconds","collective|competitive|streak (wizard selectable)","selectable and loggable after Firestore seed/admin import","tier_1|tier_2|difficulty|musclesTargeted|equipment|trainingGoals|metric|description|setup|execution|breathing|formCues|commonMistakes|progressions|advancedVariations|safetyNotes|recommendedVolume|tags|movementType|holdBased","unknown","seed-to-active-runtime","catalogExercises_CLEAN.json:1125","difficulty=Beginner; movementType=isometric; holdBased=true"
"FIT-LEG-0015","wide-arm-plank","Wide Arm Plank","catalogExercises_CLEAN.json","documents[] / catalogExercises","static-catalog-record","exercise","local-seed-source","Core","Strength","time","seconds","collective|competitive|streak (wizard selectable)","selectable and loggable after Firestore seed/admin import","tier_1|tier_2|difficulty|musclesTargeted|equipment|trainingGoals|metric|description|setup|execution|breathing|formCues|commonMistakes|progressions|advancedVariations|safetyNotes|recommendedVolume|tags|movementType|holdBased","unknown","seed-to-active-runtime","catalogExercises_CLEAN.json:1211","difficulty=Intermediate; movementType=isometric; holdBased=true"
"FIT-LEG-0016","plank-with-left-arm-lift","Plank with Left Arm Lift","catalogExercises_CLEAN.json","documents[] / catalogExercises","static-catalog-record","exercise","local-seed-source","Core","Balance & Stability","time","seconds","collective|competitive|streak (wizard selectable)","selectable and loggable after Firestore seed/admin import","tier_1|tier_2|difficulty|musclesTargeted|equipment|trainingGoals|metric|description|setup|execution|breathing|formCues|commonMistakes|progressions|advancedVariations|safetyNotes|recommendedVolume|tags|movementType|holdBased","unknown","seed-to-active-runtime","catalogExercises_CLEAN.json:1296","difficulty=Intermediate; movementType=isometric; holdBased=true"
"FIT-LEG-0017","plank-with-right-arm-lift","Plank with Right Arm Lift","catalogExercises_CLEAN.json","documents[] / catalogExercises","static-catalog-record","exercise","local-seed-source","Core","Balance & Stability","time","seconds","collective|competitive|streak (wizard selectable)","selectable and loggable after Firestore seed/admin import","tier_1|tier_2|difficulty|musclesTargeted|equipment|trainingGoals|metric|description|setup|execution|breathing|formCues|commonMistakes|progressions|advancedVariations|safetyNotes|recommendedVolume|tags|movementType|holdBased","unknown","seed-to-active-runtime","catalogExercises_CLEAN.json:1391","difficulty=Intermediate; movementType=isometric; holdBased=true"
"FIT-LEG-0018","single-left-leg-plank","Single Left Leg Plank","catalogExercises_CLEAN.json","documents[] / catalogExercises","static-catalog-record","exercise","local-seed-source","Core","Balance & Stability","time","seconds","collective|competitive|streak (wizard selectable)","selectable and loggable after Firestore seed/admin import","tier_1|tier_2|difficulty|musclesTargeted|equipment|trainingGoals|metric|description|setup|execution|breathing|formCues|commonMistakes|progressions|advancedVariations|safetyNotes|recommendedVolume|tags|movementType|holdBased","unknown","seed-to-active-runtime","catalogExercises_CLEAN.json:1486","difficulty=Intermediate; movementType=isometric; holdBased=true"
"FIT-LEG-0019","single-right-leg-plank","Single Right Leg Plank","catalogExercises_CLEAN.json","documents[] / catalogExercises","static-catalog-record","exercise","local-seed-source","Core","Balance & Stability","time","seconds","collective|competitive|streak (wizard selectable)","selectable and loggable after Firestore seed/admin import","tier_1|tier_2|difficulty|musclesTargeted|equipment|trainingGoals|metric|description|setup|execution|breathing|formCues|commonMistakes|progressions|advancedVariations|safetyNotes|recommendedVolume|tags|movementType|holdBased","unknown","seed-to-active-runtime","catalogExercises_CLEAN.json:1571","difficulty=Intermediate; movementType=isometric; holdBased=true"
"FIT-LEG-0020","leg-raised-plank-left","Leg Raised Plank Left","catalogExercises_CLEAN.json","documents[] / catalogExercises","static-catalog-record","exercise","local-seed-source","Core","Strength","time","seconds","collective|competitive|streak (wizard selectable)","selectable and loggable after Firestore seed/admin import","tier_1|tier_2|difficulty|musclesTargeted|equipment|trainingGoals|metric|description|setup|execution|breathing|formCues|commonMistakes|progressions|advancedVariations|safetyNotes|recommendedVolume|tags|movementType|holdBased","unknown","seed-to-active-runtime","catalogExercises_CLEAN.json:1656","difficulty=Intermediate; movementType=isometric; holdBased=true"
"FIT-LEG-0021","leg-raised-plank-right","Leg Raised Plank Right","catalogExercises_CLEAN.json","documents[] / catalogExercises","static-catalog-record","exercise","local-seed-source","Core","Strength","time","seconds","collective|competitive|streak (wizard selectable)","selectable and loggable after Firestore seed/admin import","tier_1|tier_2|difficulty|musclesTargeted|equipment|trainingGoals|metric|description|setup|execution|breathing|formCues|commonMistakes|progressions|advancedVariations|safetyNotes|recommendedVolume|tags|movementType|holdBased","unknown","seed-to-active-runtime","catalogExercises_CLEAN.json:1741","difficulty=Intermediate; movementType=isometric; holdBased=true"
"FIT-LEG-0022","diagonal-plank-hold-left","Diagonal Plank Hold Left","catalogExercises_CLEAN.json","documents[] / catalogExercises","static-catalog-record","exercise","local-seed-source","Core","Balance & Stability","time","seconds","collective|competitive|streak (wizard selectable)","selectable and loggable after Firestore seed/admin import","tier_1|tier_2|difficulty|musclesTargeted|equipment|trainingGoals|metric|description|setup|execution|breathing|formCues|commonMistakes|progressions|advancedVariations|safetyNotes|recommendedVolume|tags|movementType|holdBased","unknown","seed-to-active-runtime","catalogExercises_CLEAN.json:1826","difficulty=Advanced; movementType=isometric; holdBased=true"
"FIT-LEG-0023","diagonal-plank-hold-right","Diagonal Plank Hold Right","catalogExercises_CLEAN.json","documents[] / catalogExercises","static-catalog-record","exercise","local-seed-source","Core","Balance & Stability","time","seconds","collective|competitive|streak (wizard selectable)","selectable and loggable after Firestore seed/admin import","tier_1|tier_2|difficulty|musclesTargeted|equipment|trainingGoals|metric|description|setup|execution|breathing|formCues|commonMistakes|progressions|advancedVariations|safetyNotes|recommendedVolume|tags|movementType|holdBased","unknown","seed-to-active-runtime","catalogExercises_CLEAN.json:1912","difficulty=Advanced; movementType=isometric; holdBased=true"
"FIT-LEG-0024","plank-and-reach-left","Plank and Reach Left","catalogExercises_CLEAN.json","documents[] / catalogExercises","static-catalog-record","exercise","local-seed-source","Core","Balance & Stability","reps","reps","collective|competitive|streak (wizard selectable)","selectable and loggable after Firestore seed/admin import","tier_1|tier_2|difficulty|musclesTargeted|equipment|trainingGoals|metric|description|setup|execution|breathing|formCues|commonMistakes|progressions|advancedVariations|safetyNotes|recommendedVolume|tags|movementType|holdBased","unknown","seed-to-active-runtime","catalogExercises_CLEAN.json:1998","difficulty=Intermediate; movementType=isometric; holdBased=false"
"FIT-LEG-0025","plank-and-reach-right","Plank and Reach Right","catalogExercises_CLEAN.json","documents[] / catalogExercises","static-catalog-record","exercise","local-seed-source","Core","Balance & Stability","reps","reps","collective|competitive|streak (wizard selectable)","selectable and loggable after Firestore seed/admin import","tier_1|tier_2|difficulty|musclesTargeted|equipment|trainingGoals|metric|description|setup|execution|breathing|formCues|commonMistakes|progressions|advancedVariations|safetyNotes|recommendedVolume|tags|movementType|holdBased","unknown","seed-to-active-runtime","catalogExercises_CLEAN.json:2083","difficulty=Intermediate; movementType=isometric; holdBased=false"
"FIT-LEG-0026","reverse-plank","Reverse Plank","catalogExercises_CLEAN.json","documents[] / catalogExercises","static-catalog-record","exercise","local-seed-source","Core","Strength","time","seconds","collective|competitive|streak (wizard selectable)","selectable and loggable after Firestore seed/admin import","tier_1|tier_2|difficulty|musclesTargeted|equipment|trainingGoals|metric|description|setup|execution|breathing|formCues|commonMistakes|progressions|advancedVariations|safetyNotes|recommendedVolume|tags|movementType|holdBased","unknown","seed-to-active-runtime","catalogExercises_CLEAN.json:2168","difficulty=Intermediate; movementType=isometric; holdBased=true"
"FIT-LEG-0027","reverse-plank-with-left-leg-raised","Reverse Plank with Left Leg Raised","catalogExercises_CLEAN.json","documents[] / catalogExercises","static-catalog-record","exercise","local-seed-source","Core","Strength","time","seconds","collective|competitive|streak (wizard selectable)","selectable and loggable after Firestore seed/admin import","tier_1|tier_2|difficulty|musclesTargeted|equipment|trainingGoals|metric|description|setup|execution|breathing|formCues|commonMistakes|progressions|advancedVariations|safetyNotes|recommendedVolume|tags|movementType|holdBased","unknown","seed-to-active-runtime","catalogExercises_CLEAN.json:2253","difficulty=Advanced; movementType=isometric; holdBased=true"
"FIT-LEG-0028","reverse-plank-with-right-leg-raised","Reverse Plank with Right Leg Raised","catalogExercises_CLEAN.json","documents[] / catalogExercises","static-catalog-record","exercise","local-seed-source","Core","Strength","time","seconds","collective|competitive|streak (wizard selectable)","selectable and loggable after Firestore seed/admin import","tier_1|tier_2|difficulty|musclesTargeted|equipment|trainingGoals|metric|description|setup|execution|breathing|formCues|commonMistakes|progressions|advancedVariations|safetyNotes|recommendedVolume|tags|movementType|holdBased","unknown","seed-to-active-runtime","catalogExercises_CLEAN.json:2338","difficulty=Advanced; movementType=isometric; holdBased=true"
"FIT-LEG-0029","abdominal-crunches","Abdominal Crunches","catalogExercises_CLEAN.json","documents[] / catalogExercises","static-catalog-record","exercise","local-seed-source","Core","Strength","reps","reps","collective|competitive|streak (wizard selectable)","selectable and loggable after Firestore seed/admin import","tier_1|tier_2|difficulty|musclesTargeted|equipment|trainingGoals|metric|description|setup|execution|breathing|formCues|commonMistakes|progressions|advancedVariations|safetyNotes|recommendedVolume|movementType|tags|holdBased","unknown","seed-to-active-runtime","catalogExercises_CLEAN.json:2423","difficulty=Beginner; movementType=isotonic; holdBased=false"
"FIT-LEG-0030","reverse-crunches","Reverse Crunches","catalogExercises_CLEAN.json","documents[] / catalogExercises","static-catalog-record","exercise","local-seed-source","Core","Strength","reps","reps","collective|competitive|streak (wizard selectable)","selectable and loggable after Firestore seed/admin import","tier_1|tier_2|difficulty|musclesTargeted|equipment|trainingGoals|metric|description|setup|execution|breathing|formCues|commonMistakes|progressions|advancedVariations|safetyNotes|recommendedVolume|movementType|tags|holdBased","unknown","seed-to-active-runtime","catalogExercises_CLEAN.json:2508","difficulty=Beginner; movementType=isotonic; holdBased=false"
"FIT-LEG-0031","bicycle-crunches","Bicycle Crunches","catalogExercises_CLEAN.json","documents[] / catalogExercises","static-catalog-record","exercise","local-seed-source","Core","Strength","reps","reps","collective|competitive|streak (wizard selectable)","selectable and loggable after Firestore seed/admin import","tier_1|tier_2|difficulty|musclesTargeted|equipment|trainingGoals|metric|description|setup|execution|breathing|formCues|commonMistakes|progressions|advancedVariations|safetyNotes|recommendedVolume|movementType|tags|holdBased","unknown","seed-to-active-runtime","catalogExercises_CLEAN.json:2593","difficulty=Intermediate; movementType=isotonic; holdBased=false"
"FIT-LEG-0032","russian-twist","Russian Twist","catalogExercises_CLEAN.json","documents[] / catalogExercises","static-catalog-record","exercise","local-seed-source","Core","Strength","reps","reps","collective|competitive|streak (wizard selectable)","selectable and loggable after Firestore seed/admin import","tier_1|tier_2|difficulty|musclesTargeted|equipment|trainingGoals|metric|description|setup|execution|breathing|formCues|commonMistakes|progressions|advancedVariations|safetyNotes|recommendedVolume|movementType|tags|holdBased","unknown","seed-to-active-runtime","catalogExercises_CLEAN.json:2679","difficulty=Intermediate; movementType=isotonic; holdBased=false"
"FIT-LEG-0033","crossover-crunch","Crossover Crunch","catalogExercises_CLEAN.json","documents[] / catalogExercises","static-catalog-record","exercise","local-seed-source","Core","Strength","reps","reps","collective|competitive|streak (wizard selectable)","selectable and loggable after Firestore seed/admin import","tier_1|tier_2|difficulty|musclesTargeted|equipment|trainingGoals|metric|description|setup|execution|breathing|formCues|commonMistakes|progressions|advancedVariations|safetyNotes|recommendedVolume|movementType|tags|holdBased","unknown","seed-to-active-runtime","catalogExercises_CLEAN.json:2765","difficulty=Intermediate; movementType=isotonic; holdBased=false"
"FIT-LEG-0034","oblique-crunch-reach","Oblique Crunch Reach","catalogExercises_CLEAN.json","documents[] / catalogExercises","static-catalog-record","exercise","local-seed-source","Core","Strength","reps","reps","collective|competitive|streak (wizard selectable)","selectable and loggable after Firestore seed/admin import","tier_1|tier_2|difficulty|musclesTargeted|equipment|trainingGoals|metric|description|setup|execution|breathing|formCues|commonMistakes|progressions|advancedVariations|safetyNotes|recommendedVolume|movementType|tags|holdBased","unknown","seed-to-active-runtime","catalogExercises_CLEAN.json:2850","difficulty=Beginner; movementType=isotonic; holdBased=false"
"FIT-LEG-0035","reclined-oblique-twist","Reclined Oblique Twist","catalogExercises_CLEAN.json","documents[] / catalogExercises","static-catalog-record","exercise","local-seed-source","Core","Strength","reps","reps","collective|competitive|streak (wizard selectable)","selectable and loggable after Firestore seed/admin import","tier_1|tier_2|difficulty|musclesTargeted|equipment|trainingGoals|metric|description|setup|execution|breathing|formCues|commonMistakes|progressions|advancedVariations|safetyNotes|recommendedVolume|movementType|tags|holdBased","unknown","seed-to-active-runtime","catalogExercises_CLEAN.json:2935","difficulty=Beginner; movementType=isotonic; holdBased=false"
"FIT-LEG-0036","sit-ups","Sit-Ups","catalogExercises_CLEAN.json","documents[] / catalogExercises","static-catalog-record","exercise","local-seed-source","Core","Strength","reps","reps","collective|competitive|streak (wizard selectable)","selectable and loggable after Firestore seed/admin import","tier_1|tier_2|difficulty|musclesTargeted|equipment|trainingGoals|metric|description|setup|execution|breathing|formCues|commonMistakes|progressions|advancedVariations|safetyNotes|recommendedVolume|movementType|tags|holdBased","unknown","seed-to-active-runtime","catalogExercises_CLEAN.json:3020","difficulty=Beginner; movementType=isotonic; holdBased=false"
"FIT-LEG-0037","heel-touch","Heel Touch","catalogExercises_CLEAN.json","documents[] / catalogExercises","static-catalog-record","exercise","local-seed-source","Core","Strength","reps","reps","collective|competitive|streak (wizard selectable)","selectable and loggable after Firestore seed/admin import","tier_1|tier_2|difficulty|musclesTargeted|equipment|trainingGoals|metric|description|setup|execution|breathing|formCues|commonMistakes|progressions|advancedVariations|safetyNotes|recommendedVolume|movementType|tags|holdBased","unknown","seed-to-active-runtime","catalogExercises_CLEAN.json:3105","difficulty=Beginner; movementType=isotonic; holdBased=false"
"FIT-LEG-0038","toe-tap","Toe Tap","catalogExercises_CLEAN.json","documents[] / catalogExercises","static-catalog-record","exercise","local-seed-source","Core","Strength","reps","reps","collective|competitive|streak (wizard selectable)","selectable and loggable after Firestore seed/admin import","tier_1|tier_2|difficulty|musclesTargeted|equipment|trainingGoals|metric|description|setup|execution|breathing|formCues|commonMistakes|progressions|advancedVariations|safetyNotes|recommendedVolume|movementType|tags|holdBased","unknown","seed-to-active-runtime","catalogExercises_CLEAN.json:3190","difficulty=Beginner; movementType=isotonic; holdBased=false"
"FIT-LEG-0039","dead-bug","Dead Bug","catalogExercises_CLEAN.json","documents[] / catalogExercises","static-catalog-record","exercise","local-seed-source","Core","Balance & Stability","reps","reps","collective|competitive|streak (wizard selectable)","selectable and loggable after Firestore seed/admin import","tier_1|tier_2|difficulty|musclesTargeted|equipment|trainingGoals|metric|description|setup|execution|breathing|formCues|commonMistakes|progressions|advancedVariations|safetyNotes|recommendedVolume|movementType|tags|holdBased","unknown","seed-to-active-runtime","catalogExercises_CLEAN.json:3275","difficulty=Beginner; movementType=isotonic; holdBased=false"
"FIT-LEG-0040","bird-dog","Bird Dog","catalogExercises_CLEAN.json","documents[] / catalogExercises","static-catalog-record","exercise","local-seed-source","Core","Balance & Stability","reps","reps","collective|competitive|streak (wizard selectable)","selectable and loggable after Firestore seed/admin import","tier_1|tier_2|difficulty|musclesTargeted|equipment|trainingGoals|metric|description|setup|execution|breathing|formCues|commonMistakes|progressions|advancedVariations|safetyNotes|recommendedVolume|movementType|tags|holdBased","unknown","seed-to-active-runtime","catalogExercises_CLEAN.json:3360","difficulty=Beginner; movementType=isotonic; holdBased=false"
"FIT-LEG-0041","mountain-climber","Mountain Climber","catalogExercises_CLEAN.json","documents[] / catalogExercises","static-catalog-record","exercise","local-seed-source","Core","Cardio","reps","reps","collective|competitive|streak (wizard selectable)","selectable and loggable after Firestore seed/admin import","tier_1|tier_2|difficulty|musclesTargeted|equipment|trainingGoals|metric|description|setup|execution|breathing|formCues|commonMistakes|progressions|advancedVariations|safetyNotes|recommendedVolume|movementType|tags|holdBased","unknown","seed-to-active-runtime","catalogExercises_CLEAN.json:3446","difficulty=Intermediate; movementType=isotonic; holdBased=false"
"FIT-LEG-0042","slow-mountain-climber","Slow Mountain Climber","catalogExercises_CLEAN.json","documents[] / catalogExercises","static-catalog-record","exercise","local-seed-source","Core","Strength","reps","reps","collective|competitive|streak (wizard selectable)","selectable and loggable after Firestore seed/admin import","tier_1|tier_2|difficulty|musclesTargeted|equipment|trainingGoals|metric|description|setup|execution|breathing|formCues|commonMistakes|progressions|advancedVariations|safetyNotes|recommendedVolume|movementType|tags|holdBased","unknown","seed-to-active-runtime","catalogExercises_CLEAN.json:3542","difficulty=Intermediate; movementType=isotonic; holdBased=false"
"FIT-LEG-0043","leg-raises","Leg Raises","catalogExercises_CLEAN.json","documents[] / catalogExercises","static-catalog-record","exercise","local-seed-source","Core","Strength","reps","reps","collective|competitive|streak (wizard selectable)","selectable and loggable after Firestore seed/admin import","tier_1|tier_2|difficulty|musclesTargeted|equipment|trainingGoals|metric|description|setup|execution|breathing|formCues|commonMistakes|progressions|advancedVariations|safetyNotes|recommendedVolume|movementType|tags|holdBased","unknown","seed-to-active-runtime","catalogExercises_CLEAN.json:3628","difficulty=Intermediate; movementType=isotonic; holdBased=false"
"FIT-LEG-0044","single-leg-drops","Single Leg Drops","catalogExercises_CLEAN.json","documents[] / catalogExercises","static-catalog-record","exercise","local-seed-source","Core","Strength","reps","reps","collective|competitive|streak (wizard selectable)","selectable and loggable after Firestore seed/admin import","tier_1|tier_2|difficulty|musclesTargeted|equipment|trainingGoals|metric|description|setup|execution|breathing|formCues|commonMistakes|progressions|advancedVariations|safetyNotes|recommendedVolume|movementType|tags|holdBased","unknown","seed-to-active-runtime","catalogExercises_CLEAN.json:3713","difficulty=Intermediate; movementType=isotonic; holdBased=false"
"FIT-LEG-0045","kick-crunch","Kick Crunch","catalogExercises_CLEAN.json","documents[] / catalogExercises","static-catalog-record","exercise","local-seed-source","Core","Strength","reps","reps","collective|competitive|streak (wizard selectable)","selectable and loggable after Firestore seed/admin import","tier_1|tier_2|difficulty|musclesTargeted|equipment|trainingGoals|metric|description|setup|execution|breathing|formCues|commonMistakes|progressions|advancedVariations|safetyNotes|recommendedVolume|movementType|tags|holdBased","unknown","seed-to-active-runtime","catalogExercises_CLEAN.json:3798","difficulty=Intermediate; movementType=isotonic; holdBased=false"
"FIT-LEG-0046","high-knee-with-twist","High Knee with Twist","catalogExercises_CLEAN.json","documents[] / catalogExercises","static-catalog-record","exercise","local-seed-source","Core","Cardio","reps","reps","collective|competitive|streak (wizard selectable)","selectable and loggable after Firestore seed/admin import","tier_1|tier_2|difficulty|musclesTargeted|equipment|trainingGoals|metric|description|setup|execution|breathing|formCues|commonMistakes|progressions|advancedVariations|safetyNotes|recommendedVolume|movementType|tags|holdBased","unknown","seed-to-active-runtime","catalogExercises_CLEAN.json:3883","difficulty=Beginner; movementType=isotonic; holdBased=false"
"FIT-LEG-0047","standing-bicycle-crunches","Standing Bicycle Crunches","catalogExercises_CLEAN.json","documents[] / catalogExercises","static-catalog-record","exercise","local-seed-source","Core","Cardio","reps","reps","collective|competitive|streak (wizard selectable)","selectable and loggable after Firestore seed/admin import","tier_1|tier_2|difficulty|musclesTargeted|equipment|trainingGoals|metric|description|setup|execution|breathing|formCues|commonMistakes|progressions|advancedVariations|safetyNotes|recommendedVolume|movementType|tags|holdBased","unknown","seed-to-active-runtime","catalogExercises_CLEAN.json:3979","difficulty=Beginner; movementType=isotonic; holdBased=false"
"FIT-LEG-0048","squats","Squats","catalogExercises_CLEAN.json","documents[] / catalogExercises","static-catalog-record","exercise","local-seed-source","Lower Body","Strength","reps","reps","collective|competitive|streak (wizard selectable)","selectable and loggable after Firestore seed/admin import","tier_1|tier_2|difficulty|musclesTargeted|equipment|trainingGoals|metric|description|setup|execution|breathing|formCues|commonMistakes|progressions|advancedVariations|safetyNotes|recommendedVolume|tags|movementType|holdBased","candidate-squat","seed-to-active-runtime","catalogExercises_CLEAN.json:4064","difficulty=Beginner; movementType=isotonic; holdBased=false"
"FIT-LEG-0049","lunges","Lunges","catalogExercises_CLEAN.json","documents[] / catalogExercises","static-catalog-record","exercise","local-seed-source","Lower Body","Strength","reps","reps","collective|competitive|streak (wizard selectable)","selectable and loggable after Firestore seed/admin import","tier_1|tier_2|difficulty|musclesTargeted|equipment|trainingGoals|metric|description|setup|execution|breathing|formCues|commonMistakes|progressions|advancedVariations|safetyNotes|recommendedVolume|movementType|tags|holdBased","candidate-lunges","seed-to-active-runtime","catalogExercises_CLEAN.json:4151","difficulty=Beginner; movementType=isotonic; holdBased=false"
"FIT-LEG-0050","side-lunges","Side Lunges","catalogExercises_CLEAN.json","documents[] / catalogExercises","static-catalog-record","exercise","local-seed-source","Lower Body","Strength","reps","reps","collective|competitive|streak (wizard selectable)","selectable and loggable after Firestore seed/admin import","tier_1|tier_2|difficulty|musclesTargeted|equipment|trainingGoals|metric|description|setup|execution|breathing|formCues|commonMistakes|progressions|advancedVariations|safetyNotes|recommendedVolume|movementType|tags|holdBased","unknown","seed-to-active-runtime","catalogExercises_CLEAN.json:4237","difficulty=Beginner; movementType=isotonic; holdBased=false"
"FIT-LEG-0051","wall-sit","Wall Sit","catalogExercises_CLEAN.json","documents[] / catalogExercises","static-catalog-record","exercise","local-seed-source","Lower Body","Strength","time","seconds","collective|competitive|streak (wizard selectable)","selectable and loggable after Firestore seed/admin import","tier_1|tier_2|difficulty|musclesTargeted|equipment|trainingGoals|metric|description|setup|execution|breathing|formCues|commonMistakes|progressions|advancedVariations|safetyNotes|recommendedVolume|tags|movementType|holdBased","unknown","seed-to-active-runtime","catalogExercises_CLEAN.json:4323","difficulty=Beginner; movementType=isometric; holdBased=true"
"FIT-LEG-0052","butt-bridge","Butt Bridge","catalogExercises_CLEAN.json","documents[] / catalogExercises","static-catalog-record","exercise","local-seed-source","Lower Body","Strength","reps","reps","collective|competitive|streak (wizard selectable)","selectable and loggable after Firestore seed/admin import","tier_1|tier_2|difficulty|musclesTargeted|equipment|trainingGoals|metric|description|setup|execution|breathing|formCues|commonMistakes|progressions|advancedVariations|safetyNotes|recommendedVolume|movementType|tags|holdBased","unknown","seed-to-active-runtime","catalogExercises_CLEAN.json:4408","difficulty=Beginner; movementType=isotonic; holdBased=false"
"FIT-LEG-0053","step-up-onto-chair","Step-Up Onto Chair","catalogExercises_CLEAN.json","documents[] / catalogExercises","static-catalog-record","exercise","local-seed-source","Lower Body","Strength","reps","reps","collective|competitive|streak (wizard selectable)","selectable and loggable after Firestore seed/admin import","tier_1|tier_2|difficulty|musclesTargeted|equipment|trainingGoals|metric|description|setup|execution|breathing|formCues|commonMistakes|progressions|advancedVariations|safetyNotes|recommendedVolume|movementType|tags|holdBased","unknown","seed-to-active-runtime","catalogExercises_CLEAN.json:4504","difficulty=Beginner; movementType=isotonic; holdBased=false"
"FIT-LEG-0054","calf-raises","Calf Raises","catalogExercises_CLEAN.json","documents[] / catalogExercises","static-catalog-record","exercise","local-seed-source","Lower Body","Strength","reps","reps","collective|competitive|streak (wizard selectable)","selectable and loggable after Firestore seed/admin import","tier_1|tier_2|difficulty|musclesTargeted|equipment|trainingGoals|metric|description|setup|execution|breathing|formCues|commonMistakes|progressions|advancedVariations|safetyNotes|recommendedVolume|movementType|tags|holdBased","unknown","seed-to-active-runtime","catalogExercises_CLEAN.json:4590","difficulty=Beginner; movementType=isotonic; holdBased=false"
"FIT-LEG-0055","glute-kickbacks","Glute Kickbacks","catalogExercises_CLEAN.json","documents[] / catalogExercises","static-catalog-record","exercise","local-seed-source","Lower Body","Strength","reps","reps","collective|competitive|streak (wizard selectable)","selectable and loggable after Firestore seed/admin import","tier_1|tier_2|difficulty|musclesTargeted|equipment|trainingGoals|metric|description|setup|execution|breathing|formCues|commonMistakes|progressions|advancedVariations|safetyNotes|recommendedVolume|movementType|tags|holdBased","unknown","seed-to-active-runtime","catalogExercises_CLEAN.json:4674","difficulty=Beginner; movementType=isotonic; holdBased=false"
"FIT-LEG-0056","donkey-kicks","Donkey Kicks","catalogExercises_CLEAN.json","documents[] / catalogExercises","static-catalog-record","exercise","local-seed-source","Lower Body","Strength","reps","reps","collective|competitive|streak (wizard selectable)","selectable and loggable after Firestore seed/admin import","tier_1|tier_2|difficulty|musclesTargeted|equipment|trainingGoals|metric|description|setup|execution|breathing|formCues|commonMistakes|progressions|advancedVariations|safetyNotes|recommendedVolume|movementType|tags|holdBased","unknown","seed-to-active-runtime","catalogExercises_CLEAN.json:4759","difficulty=Beginner; movementType=isotonic; holdBased=false"
"FIT-LEG-0057","fire-hydrants","Fire Hydrants","catalogExercises_CLEAN.json","documents[] / catalogExercises","static-catalog-record","exercise","local-seed-source","Lower Body","Strength","reps","reps","collective|competitive|streak (wizard selectable)","selectable and loggable after Firestore seed/admin import","tier_1|tier_2|difficulty|musclesTargeted|equipment|trainingGoals|metric|description|setup|execution|breathing|formCues|commonMistakes|progressions|advancedVariations|safetyNotes|recommendedVolume|movementType|tags|holdBased","unknown","seed-to-active-runtime","catalogExercises_CLEAN.json:4844","difficulty=Beginner; movementType=isotonic; holdBased=false"
"FIT-LEG-0058","bulgarian-split-squats","Bulgarian Split Squats","catalogExercises_CLEAN.json","documents[] / catalogExercises","static-catalog-record","exercise","local-seed-source","Lower Body","Strength","reps","reps","collective|competitive|streak (wizard selectable)","selectable and loggable after Firestore seed/admin import","tier_1|tier_2|difficulty|musclesTargeted|equipment|trainingGoals|metric|description|setup|execution|breathing|formCues|commonMistakes|progressions|advancedVariations|safetyNotes|recommendedVolume|movementType|tags|holdBased","unknown","seed-to-active-runtime","catalogExercises_CLEAN.json:4929","difficulty=Intermediate; movementType=isotonic; holdBased=false"
"FIT-LEG-0059","reverse-lunges","Reverse Lunges","catalogExercises_CLEAN.json","documents[] / catalogExercises","static-catalog-record","exercise","local-seed-source","Lower Body","Strength","reps","reps","collective|competitive|streak (wizard selectable)","selectable and loggable after Firestore seed/admin import","tier_1|tier_2|difficulty|musclesTargeted|equipment|trainingGoals|metric|description|setup|execution|breathing|formCues|commonMistakes|progressions|advancedVariations|safetyNotes|recommendedVolume|movementType|tags|holdBased","unknown","seed-to-active-runtime","catalogExercises_CLEAN.json:5015","difficulty=Beginner; movementType=isotonic; holdBased=false"
"FIT-LEG-0060","jumping-jacks","Jumping Jacks","catalogExercises_CLEAN.json","documents[] / catalogExercises","static-catalog-record","exercise","local-seed-source","Full Body","Cardio","time","seconds","collective|competitive|streak (wizard selectable)","selectable and loggable after Firestore seed/admin import","tier_1|tier_2|difficulty|musclesTargeted|equipment|trainingGoals|metric|description|setup|execution|breathing|formCues|commonMistakes|progressions|advancedVariations|safetyNotes|recommendedVolume|movementType|tags|holdBased","unknown","seed-to-active-runtime","catalogExercises_CLEAN.json:5101","difficulty=Beginner; movementType=isotonic; holdBased=false"
"FIT-LEG-0061","high-stepping","High Stepping","catalogExercises_CLEAN.json","documents[] / catalogExercises","static-catalog-record","exercise","local-seed-source","Full Body","Cardio","time","seconds","collective|competitive|streak (wizard selectable)","selectable and loggable after Firestore seed/admin import","tier_1|tier_2|difficulty|musclesTargeted|equipment|trainingGoals|metric|description|setup|execution|breathing|formCues|commonMistakes|progressions|advancedVariations|safetyNotes|recommendedVolume|movementType|tags|holdBased","unknown","seed-to-active-runtime","catalogExercises_CLEAN.json:5195","difficulty=Beginner; movementType=isotonic; holdBased=false"
"FIT-LEG-0062","butt-kicks","Butt Kicks","catalogExercises_CLEAN.json","documents[] / catalogExercises","static-catalog-record","exercise","local-seed-source","Full Body","Cardio","time","seconds","collective|competitive|streak (wizard selectable)","selectable and loggable after Firestore seed/admin import","tier_1|tier_2|difficulty|musclesTargeted|equipment|trainingGoals|metric|description|setup|execution|breathing|formCues|commonMistakes|progressions|advancedVariations|safetyNotes|recommendedVolume|movementType|tags|holdBased","unknown","seed-to-active-runtime","catalogExercises_CLEAN.json:5291","difficulty=Beginner; movementType=isotonic; holdBased=false"
"FIT-LEG-0063","skater-jump","Skater Jump","catalogExercises_CLEAN.json","documents[] / catalogExercises","static-catalog-record","exercise","local-seed-source","Full Body","Power & Explosiveness","reps","reps","collective|competitive|streak (wizard selectable)","selectable and loggable after Firestore seed/admin import","tier_1|tier_2|difficulty|musclesTargeted|equipment|trainingGoals|metric|description|setup|execution|breathing|formCues|commonMistakes|progressions|advancedVariations|safetyNotes|recommendedVolume|movementType|tags|holdBased","unknown","seed-to-active-runtime","catalogExercises_CLEAN.json:5387","difficulty=Intermediate; movementType=isotonic; holdBased=false"
"FIT-LEG-0064","side-hop","Side Hop","catalogExercises_CLEAN.json","documents[] / catalogExercises","static-catalog-record","exercise","local-seed-source","Full Body","Power & Explosiveness","time","seconds","collective|competitive|streak (wizard selectable)","selectable and loggable after Firestore seed/admin import","tier_1|tier_2|difficulty|musclesTargeted|equipment|trainingGoals|metric|description|setup|execution|breathing|formCues|commonMistakes|progressions|advancedVariations|safetyNotes|recommendedVolume|movementType|tags|holdBased","unknown","seed-to-active-runtime","catalogExercises_CLEAN.json:5473","difficulty=Beginner; movementType=isotonic; holdBased=false"
"FIT-LEG-0065","burpees","Burpees","catalogExercises_CLEAN.json","documents[] / catalogExercises","static-catalog-record","exercise","local-seed-source","Full Body","Cardio","reps","reps","collective|competitive|streak (wizard selectable)","selectable and loggable after Firestore seed/admin import","tier_1|tier_2|difficulty|musclesTargeted|equipment|trainingGoals|metric|description|setup|execution|breathing|formCues|commonMistakes|progressions|advancedVariations|safetyNotes|recommendedVolume|tags|movementType|holdBased","candidate-burpees","seed-to-active-runtime","catalogExercises_CLEAN.json:5569","difficulty=Intermediate; movementType=isotonic; holdBased=false"
"FIT-LEG-0066","skipping-without-rope","Skipping Without Rope","catalogExercises_CLEAN.json","documents[] / catalogExercises","static-catalog-record","exercise","local-seed-source","Full Body","Cardio","time","seconds","collective|competitive|streak (wizard selectable)","selectable and loggable after Firestore seed/admin import","tier_1|tier_2|difficulty|musclesTargeted|equipment|trainingGoals|metric|description|setup|execution|breathing|formCues|commonMistakes|progressions|advancedVariations|safetyNotes|recommendedVolume|movementType|tags|holdBased","unknown","seed-to-active-runtime","catalogExercises_CLEAN.json:5653","difficulty=Beginner; movementType=isotonic; holdBased=false"
"FIT-LEG-0067","side-step-jacks","Side Step Jacks","catalogExercises_CLEAN.json","documents[] / catalogExercises","static-catalog-record","exercise","local-seed-source","Full Body","Cardio","time","seconds","collective|competitive|streak (wizard selectable)","selectable and loggable after Firestore seed/admin import","tier_1|tier_2|difficulty|musclesTargeted|equipment|trainingGoals|metric|description|setup|execution|breathing|formCues|commonMistakes|progressions|advancedVariations|safetyNotes|recommendedVolume|movementType|tags|holdBased","unknown","seed-to-active-runtime","catalogExercises_CLEAN.json:5748","difficulty=Beginner; movementType=isotonic; holdBased=false"
"FIT-LEG-0068","jump-squats","Jump Squats","catalogExercises_CLEAN.json","documents[] / catalogExercises","static-catalog-record","exercise","local-seed-source","Full Body","Power & Explosiveness","reps","reps","collective|competitive|streak (wizard selectable)","selectable and loggable after Firestore seed/admin import","tier_1|tier_2|difficulty|musclesTargeted|equipment|trainingGoals|metric|description|setup|execution|breathing|formCues|commonMistakes|progressions|advancedVariations|safetyNotes|recommendedVolume|movementType|tags|holdBased","unknown","seed-to-active-runtime","catalogExercises_CLEAN.json:5843","difficulty=Intermediate; movementType=isotonic; holdBased=false"
"FIT-LEG-0069","running","Running","catalogExercises_CLEAN.json","documents[] / catalogExercises","static-catalog-record","exercise","local-seed-source","Full Body","Cardio","time","minutes","collective|competitive|streak (wizard selectable)","selectable and loggable after Firestore seed/admin import","tier_1|tier_2|difficulty|musclesTargeted|equipment|trainingGoals|metric|description|setup|execution|breathing|formCues|commonMistakes|progressions|advancedVariations|safetyNotes|recommendedVolume|movementType|tags|holdBased","candidate-running","seed-to-active-runtime","catalogExercises_CLEAN.json:5929","difficulty=Beginner; movementType=isotonic; holdBased=false"
"FIT-LEG-0070","walking","Walking","catalogExercises_CLEAN.json","documents[] / catalogExercises","static-catalog-record","exercise","local-seed-source","Full Body","Cardio","time","minutes","collective|competitive|streak (wizard selectable)","selectable and loggable after Firestore seed/admin import","tier_1|tier_2|difficulty|musclesTargeted|equipment|trainingGoals|metric|description|setup|execution|breathing|formCues|commonMistakes|progressions|advancedVariations|safetyNotes|recommendedVolume|movementType|tags|holdBased","candidate-walking","seed-to-active-runtime","catalogExercises_CLEAN.json:6024","difficulty=Beginner; movementType=isotonic; holdBased=false"
"FIT-LEG-0071","push-ups","Push-Ups","catalogExercises_CLEAN.json","documents[] / catalogExercises","static-catalog-record","exercise","local-seed-source","Upper Body","Strength","reps","reps","collective|competitive|streak (wizard selectable)","selectable and loggable after Firestore seed/admin import","tier_1|tier_2|difficulty|musclesTargeted|equipment|trainingGoals|metric|description|setup|execution|breathing|formCues|commonMistakes|progressions|advancedVariations|safetyNotes|recommendedVolume|tags|movementType|holdBased","candidate-push-up","seed-to-active-runtime","catalogExercises_CLEAN.json:6119","difficulty=Beginner; movementType=isotonic; holdBased=false"
"FIT-LEG-0072","modified-push-up","Modified Push-Up","catalogExercises_CLEAN.json","documents[] / catalogExercises","static-catalog-record","exercise","local-seed-source","Upper Body","Strength","reps","reps","collective|competitive|streak (wizard selectable)","selectable and loggable after Firestore seed/admin import","tier_1|tier_2|difficulty|musclesTargeted|equipment|trainingGoals|metric|description|setup|execution|breathing|formCues|commonMistakes|progressions|advancedVariations|safetyNotes|recommendedVolume|movementType|tags|holdBased","candidate-modified-push-up","seed-to-active-runtime","catalogExercises_CLEAN.json:6206","difficulty=Beginner; movementType=isotonic; holdBased=false"
"FIT-LEG-0073","push-up-hold","Push Up Hold","catalogExercises_CLEAN.json","documents[] / catalogExercises","static-catalog-record","exercise","local-seed-source","Upper Body","Strength","time","seconds","collective|competitive|streak (wizard selectable)","selectable and loggable after Firestore seed/admin import","tier_1|tier_2|difficulty|musclesTargeted|equipment|trainingGoals|metric|description|setup|execution|breathing|formCues|commonMistakes|progressions|advancedVariations|safetyNotes|recommendedVolume|tags|movementType|holdBased","unknown","seed-to-active-runtime","catalogExercises_CLEAN.json:6292","difficulty=Intermediate; movementType=isometric; holdBased=true"
"FIT-LEG-0074","modified-push-up-low-hold","Modified Push-Up Low Hold","catalogExercises_CLEAN.json","documents[] / catalogExercises","static-catalog-record","exercise","local-seed-source","Upper Body","Strength","time","seconds","collective|competitive|streak (wizard selectable)","selectable and loggable after Firestore seed/admin import","tier_1|tier_2|difficulty|musclesTargeted|equipment|trainingGoals|metric|description|setup|execution|breathing|formCues|commonMistakes|progressions|advancedVariations|safetyNotes|recommendedVolume|tags|movementType|holdBased","unknown","seed-to-active-runtime","catalogExercises_CLEAN.json:6379","difficulty=Intermediate; movementType=isometric; holdBased=true"
"FIT-LEG-0075","push-up-&-rotation","Push-Up & Rotation","catalogExercises_CLEAN.json","documents[] / catalogExercises","static-catalog-record","exercise","local-seed-source","Upper Body","Strength","reps","reps","collective|competitive|streak (wizard selectable)","selectable and loggable after Firestore seed/admin import","tier_1|tier_2|difficulty|musclesTargeted|equipment|trainingGoals|metric|description|setup|execution|breathing|formCues|commonMistakes|progressions|advancedVariations|safetyNotes|recommendedVolume|movementType|tags|holdBased","unknown","seed-to-active-runtime","catalogExercises_CLEAN.json:6465","difficulty=Intermediate; movementType=isotonic; holdBased=false"
"FIT-LEG-0076","inchworms","Inchworms","catalogExercises_CLEAN.json","documents[] / catalogExercises","static-catalog-record","exercise","local-seed-source","Full Body","Mobility & Flexibility","reps","reps","collective|competitive|streak (wizard selectable)","selectable and loggable after Firestore seed/admin import","tier_1|tier_2|difficulty|musclesTargeted|equipment|trainingGoals|metric|description|setup|execution|breathing|formCues|commonMistakes|progressions|advancedVariations|safetyNotes|recommendedVolume|movementType|tags|holdBased","unknown","seed-to-active-runtime","catalogExercises_CLEAN.json:6552","difficulty=Beginner; movementType=isotonic; holdBased=false"
"FIT-LEG-0077","triceps-dips","Triceps Dips","catalogExercises_CLEAN.json","documents[] / catalogExercises","static-catalog-record","exercise","local-seed-source","Upper Body","Strength","reps","reps","collective|competitive|streak (wizard selectable)","selectable and loggable after Firestore seed/admin import","tier_1|tier_2|difficulty|musclesTargeted|equipment|trainingGoals|metric|description|setup|execution|breathing|formCues|commonMistakes|progressions|advancedVariations|safetyNotes|recommendedVolume|movementType|tags|holdBased","unknown","seed-to-active-runtime","catalogExercises_CLEAN.json:6638","difficulty=Intermediate; movementType=isotonic; holdBased=false"
"FIT-LEG-0078","alternating-hooks","Alternating Hooks","catalogExercises_CLEAN.json","documents[] / catalogExercises","static-catalog-record","exercise","local-seed-source","Upper Body","Cardio","reps","reps","collective|competitive|streak (wizard selectable)","selectable and loggable after Firestore seed/admin import","tier_1|tier_2|difficulty|musclesTargeted|equipment|trainingGoals|metric|description|setup|execution|breathing|formCues|commonMistakes|progressions|advancedVariations|safetyNotes|recommendedVolume|movementType|tags|holdBased","unknown","seed-to-active-runtime","catalogExercises_CLEAN.json:6724","difficulty=Beginner; movementType=isotonic; holdBased=false"
"FIT-LEG-0079","cross-touch-and-reach","Cross Touch and Reach","catalogExercises_CLEAN.json","documents[] / catalogExercises","static-catalog-record","exercise","local-seed-source","Full Body","Mobility & Flexibility","reps","reps","collective|competitive|streak (wizard selectable)","selectable and loggable after Firestore seed/admin import","tier_1|tier_2|difficulty|musclesTargeted|equipment|trainingGoals|metric|description|setup|execution|breathing|formCues|commonMistakes|progressions|advancedVariations|safetyNotes|recommendedVolume|movementType|tags|holdBased","unknown","seed-to-active-runtime","catalogExercises_CLEAN.json:6820","difficulty=Beginner; movementType=isotonic; holdBased=false"
"FIT-LEG-0080","plank-shoulder-taps","Plank Shoulder Taps","catalogExercises_CLEAN.json","documents[] / catalogExercises","static-catalog-record","exercise","local-seed-source","Core","Balance & Stability","reps","reps","collective|competitive|streak (wizard selectable)","selectable and loggable after Firestore seed/admin import","tier_1|tier_2|difficulty|musclesTargeted|equipment|trainingGoals|metric|description|setup|execution|breathing|formCues|commonMistakes|progressions|advancedVariations|safetyNotes|recommendedVolume|movementType|tags|holdBased","unknown","seed-to-active-runtime","catalogExercises_CLEAN.json:6906","difficulty=Intermediate; movementType=isotonic; holdBased=false"
"FIT-LEG-0081","hollow-body-hold","Hollow Body Hold","catalogExercises_CLEAN.json","documents[] / catalogExercises","static-catalog-record","exercise","local-seed-source","Core","Strength","time","seconds","collective|competitive|streak (wizard selectable)","selectable and loggable after Firestore seed/admin import","tier_1|tier_2|difficulty|musclesTargeted|equipment|trainingGoals|metric|description|setup|execution|breathing|formCues|commonMistakes|progressions|advancedVariations|safetyNotes|recommendedVolume|tags|movementType|holdBased","candidate-hollow-body-hold","seed-to-active-runtime","catalogExercises_CLEAN.json:6991","difficulty=Intermediate; movementType=isometric; holdBased=true"
"FIT-LEG-0082","superman-hold","Superman Hold","catalogExercises_CLEAN.json","documents[] / catalogExercises","static-catalog-record","exercise","local-seed-source","Core","Strength","time","seconds","collective|competitive|streak (wizard selectable)","selectable and loggable after Firestore seed/admin import","tier_1|tier_2|difficulty|musclesTargeted|equipment|trainingGoals|metric|description|setup|execution|breathing|formCues|commonMistakes|progressions|advancedVariations|safetyNotes|recommendedVolume|tags|movementType|holdBased","unknown","seed-to-active-runtime","catalogExercises_CLEAN.json:7067","difficulty=Beginner; movementType=isometric; holdBased=true"
"FIT-LEG-0083","plank-jacks","Plank Jacks","catalogExercises_CLEAN.json","documents[] / catalogExercises","static-catalog-record","exercise","local-seed-source","Core","Cardio","reps","reps","collective|competitive|streak (wizard selectable)","selectable and loggable after Firestore seed/admin import","tier_1|tier_2|difficulty|musclesTargeted|equipment|trainingGoals|metric|description|setup|execution|breathing|formCues|commonMistakes|progressions|advancedVariations|safetyNotes|recommendedVolume|movementType|tags|holdBased","unknown","seed-to-active-runtime","catalogExercises_CLEAN.json:7140","difficulty=Intermediate; movementType=isotonic; holdBased=false"
"FIT-LEG-0084","swimmer-&-superman","Swimmer & Superman","catalogExercises_CLEAN.json","documents[] / catalogExercises","static-catalog-record","exercise","local-seed-source","Core","Strength","reps","reps","collective|competitive|streak (wizard selectable)","selectable and loggable after Firestore seed/admin import","tier_1|tier_2|difficulty|musclesTargeted|equipment|trainingGoals|metric|description|setup|execution|breathing|formCues|commonMistakes|progressions|advancedVariations|safetyNotes|recommendedVolume|movementType|tags|holdBased","unknown","seed-to-active-runtime","catalogExercises_CLEAN.json:7235","difficulty=Intermediate; movementType=isotonic; holdBased=false"
"FIT-LEG-0085","squat-reach-ups","Squat Reach Ups","catalogExercises_CLEAN.json","documents[] / catalogExercises","static-catalog-record","exercise","local-seed-source","Full Body","Mobility & Flexibility","reps","reps","collective|competitive|streak (wizard selectable)","selectable and loggable after Firestore seed/admin import","tier_1|tier_2|difficulty|musclesTargeted|equipment|trainingGoals|metric|description|setup|execution|breathing|formCues|commonMistakes|progressions|advancedVariations|safetyNotes|recommendedVolume|movementType|tags|holdBased","unknown","seed-to-active-runtime","catalogExercises_CLEAN.json:7321","difficulty=Beginner; movementType=isotonic; holdBased=false"
"FIT-LEG-0086","cobra-stretch","Cobra Stretch","catalogExercises_CLEAN.json","documents[] / catalogExercises","static-catalog-record","exercise","local-seed-source","Core","Mobility & Flexibility","time","seconds","collective|competitive|streak (wizard selectable)","selectable and loggable after Firestore seed/admin import","tier_1|tier_2|difficulty|musclesTargeted|equipment|trainingGoals|metric|description|setup|execution|breathing|formCues|commonMistakes|progressions|advancedVariations|safetyNotes|recommendedVolume","unknown","seed-to-active-runtime","catalogExercises_CLEAN.json:7407","difficulty=Beginner; movementType=unknown; holdBased=unknown"
"FIT-LEG-0087","child's-pose","Child's Pose","catalogExercises_CLEAN.json","documents[] / catalogExercises","static-catalog-record","exercise","local-seed-source","Full Body","Mobility & Flexibility","time","seconds","collective|competitive|streak (wizard selectable)","selectable and loggable after Firestore seed/admin import","tier_1|tier_2|difficulty|musclesTargeted|equipment|trainingGoals|metric|description|setup|execution|breathing|formCues|commonMistakes|progressions|advancedVariations|safetyNotes|recommendedVolume","unknown","seed-to-active-runtime","catalogExercises_CLEAN.json:7488","difficulty=Beginner; movementType=unknown; holdBased=unknown"
"FIT-LEG-0088","cat-cow","Cat Cow","catalogExercises_CLEAN.json","documents[] / catalogExercises","static-catalog-record","exercise","local-seed-source","Core","Mobility & Flexibility","reps","reps","collective|competitive|streak (wizard selectable)","selectable and loggable after Firestore seed/admin import","tier_1|tier_2|difficulty|musclesTargeted|equipment|trainingGoals|metric|description|setup|execution|breathing|formCues|commonMistakes|progressions|advancedVariations|safetyNotes|recommendedVolume","unknown","seed-to-active-runtime","catalogExercises_CLEAN.json:7569","difficulty=Beginner; movementType=unknown; holdBased=unknown"
"FIT-LEG-0089","seated-butterfly","Seated Butterfly","catalogExercises_CLEAN.json","documents[] / catalogExercises","static-catalog-record","exercise","local-seed-source","Lower Body","Mobility & Flexibility","time","seconds","collective|competitive|streak (wizard selectable)","selectable and loggable after Firestore seed/admin import","tier_1|tier_2|difficulty|musclesTargeted|equipment|trainingGoals|metric|description|setup|execution|breathing|formCues|commonMistakes|progressions|advancedVariations|safetyNotes|recommendedVolume","unknown","seed-to-active-runtime","catalogExercises_CLEAN.json:7650","difficulty=Beginner; movementType=unknown; holdBased=unknown"
"FIT-LEG-0090","lying-butterfly","Lying Butterfly","catalogExercises_CLEAN.json","documents[] / catalogExercises","static-catalog-record","exercise","local-seed-source","Lower Body","Mobility & Flexibility","time","seconds","collective|competitive|streak (wizard selectable)","selectable and loggable after Firestore seed/admin import","tier_1|tier_2|difficulty|musclesTargeted|equipment|trainingGoals|metric|description|setup|execution|breathing|formCues|commonMistakes|progressions|advancedVariations|safetyNotes|recommendedVolume","unknown","seed-to-active-runtime","catalogExercises_CLEAN.json:7730","difficulty=Beginner; movementType=unknown; holdBased=unknown"
"FIT-LEG-0091","standing-side-bend","Standing Side Bend","catalogExercises_CLEAN.json","documents[] / catalogExercises","static-catalog-record","exercise","local-seed-source","Core","Mobility & Flexibility","time","seconds","collective|competitive|streak (wizard selectable)","selectable and loggable after Firestore seed/admin import","tier_1|tier_2|difficulty|musclesTargeted|equipment|trainingGoals|metric|description|setup|execution|breathing|formCues|commonMistakes|progressions|advancedVariations|safetyNotes|recommendedVolume","unknown","seed-to-active-runtime","catalogExercises_CLEAN.json:7810","difficulty=Beginner; movementType=unknown; holdBased=unknown"
"FIT-LEG-0092","forward-bend","Forward Bend","catalogExercises_CLEAN.json","documents[] / catalogExercises","static-catalog-record","exercise","local-seed-source","Full Body","Mobility & Flexibility","time","seconds","collective|competitive|streak (wizard selectable)","selectable and loggable after Firestore seed/admin import","tier_1|tier_2|difficulty|musclesTargeted|equipment|trainingGoals|metric|description|setup|execution|breathing|formCues|commonMistakes|progressions|advancedVariations|safetyNotes|recommendedVolume","unknown","seed-to-active-runtime","catalogExercises_CLEAN.json:7900","difficulty=Beginner; movementType=unknown; holdBased=unknown"
"FIT-LEG-0093","kneeling-lunge-stretch-l-r","Kneeling Lunge Stretch (L/R)","catalogExercises_CLEAN.json","documents[] / catalogExercises","static-catalog-record","exercise","local-seed-source","Lower Body","Mobility & Flexibility","time","seconds","collective|competitive|streak (wizard selectable)","selectable and loggable after Firestore seed/admin import","tier_1|tier_2|difficulty|musclesTargeted|equipment|trainingGoals|metric|description|setup|execution|breathing|formCues|commonMistakes|progressions|advancedVariations|safetyNotes|recommendedVolume","unknown","seed-to-active-runtime","catalogExercises_CLEAN.json:7981","difficulty=Beginner; movementType=unknown; holdBased=unknown"
"FIT-LEG-0094","calf-stretch-l-r","Calf Stretch (L/R)","catalogExercises_CLEAN.json","documents[] / catalogExercises","static-catalog-record","exercise","local-seed-source","Lower Body","Mobility & Flexibility","time","seconds","collective|competitive|streak (wizard selectable)","selectable and loggable after Firestore seed/admin import","tier_1|tier_2|difficulty|musclesTargeted|equipment|trainingGoals|metric|description|setup|execution|breathing|formCues|commonMistakes|progressions|advancedVariations|safetyNotes|recommendedVolume","unknown","seed-to-active-runtime","catalogExercises_CLEAN.json:8061","difficulty=Beginner; movementType=unknown; holdBased=unknown"
"FIT-LEG-0095","quad-stretch-l-r","Quad Stretch (L/R)","catalogExercises_CLEAN.json","documents[] / catalogExercises","static-catalog-record","exercise","local-seed-source","Lower Body","Mobility & Flexibility","time","seconds","collective|competitive|streak (wizard selectable)","selectable and loggable after Firestore seed/admin import","tier_1|tier_2|difficulty|musclesTargeted|equipment|trainingGoals|metric|description|setup|execution|breathing|formCues|commonMistakes|progressions|advancedVariations|safetyNotes|recommendedVolume","unknown","seed-to-active-runtime","catalogExercises_CLEAN.json:8141","difficulty=Beginner; movementType=unknown; holdBased=unknown"
"FIT-LEG-0096","biceps-stretch-l-r","Biceps Stretch (L/R)","catalogExercises_CLEAN.json","documents[] / catalogExercises","static-catalog-record","exercise","local-seed-source","Upper Body","Mobility & Flexibility","time","seconds","collective|competitive|streak (wizard selectable)","selectable and loggable after Firestore seed/admin import","tier_1|tier_2|difficulty|musclesTargeted|equipment|trainingGoals|metric|description|setup|execution|breathing|formCues|commonMistakes|progressions|advancedVariations|safetyNotes|recommendedVolume","unknown","seed-to-active-runtime","catalogExercises_CLEAN.json:8221","difficulty=Beginner; movementType=unknown; holdBased=unknown"
"FIT-LEG-0097","triceps-stretch-l-r","Triceps Stretch (L/R)","catalogExercises_CLEAN.json","documents[] / catalogExercises","static-catalog-record","exercise","local-seed-source","Upper Body","Mobility & Flexibility","time","seconds","collective|competitive|streak (wizard selectable)","selectable and loggable after Firestore seed/admin import","tier_1|tier_2|difficulty|musclesTargeted|equipment|trainingGoals|metric|description|setup|execution|breathing|formCues|commonMistakes|progressions|advancedVariations|safetyNotes|recommendedVolume","unknown","seed-to-active-runtime","catalogExercises_CLEAN.json:8301","difficulty=Beginner; movementType=unknown; holdBased=unknown"
"FIT-LEG-0098","chest-stretch","Chest Stretch","catalogExercises_CLEAN.json","documents[] / catalogExercises","static-catalog-record","exercise","local-seed-source","Upper Body","Mobility & Flexibility","time","seconds","collective|competitive|streak (wizard selectable)","selectable and loggable after Firestore seed/admin import","tier_1|tier_2|difficulty|musclesTargeted|equipment|trainingGoals|metric|description|setup|execution|breathing|formCues|commonMistakes|progressions|advancedVariations|safetyNotes|recommendedVolume","unknown","seed-to-active-runtime","catalogExercises_CLEAN.json:8381","difficulty=Beginner; movementType=unknown; holdBased=unknown"
"FIT-LEG-0099","shoulder-stretch","Shoulder Stretch","catalogExercises_CLEAN.json","documents[] / catalogExercises","static-catalog-record","exercise","local-seed-source","Upper Body","Mobility & Flexibility","time","seconds","collective|competitive|streak (wizard selectable)","selectable and loggable after Firestore seed/admin import","tier_1|tier_2|difficulty|musclesTargeted|equipment|trainingGoals|metric|description|setup|execution|breathing|formCues|commonMistakes|progressions|advancedVariations|safetyNotes|recommendedVolume","unknown","seed-to-active-runtime","catalogExercises_CLEAN.json:8461","difficulty=Beginner; movementType=unknown; holdBased=unknown"
"FIT-LEG-0100","lying-twist-l-r","Lying Twist (L/R)","catalogExercises_CLEAN.json","documents[] / catalogExercises","static-catalog-record","exercise","local-seed-source","Core","Mobility & Flexibility","time","seconds","collective|competitive|streak (wizard selectable)","selectable and loggable after Firestore seed/admin import","tier_1|tier_2|difficulty|musclesTargeted|equipment|trainingGoals|metric|description|setup|execution|breathing|formCues|commonMistakes|progressions|advancedVariations|safetyNotes|recommendedVolume","unknown","seed-to-active-runtime","catalogExercises_CLEAN.json:8541","difficulty=Beginner; movementType=unknown; holdBased=unknown"
"FIT-LEG-0101","lumbar-twist-l-r","Lumbar Twist (L/R)","catalogExercises_CLEAN.json","documents[] / catalogExercises","static-catalog-record","exercise","local-seed-source","Core","Mobility & Flexibility","time","seconds","collective|competitive|streak (wizard selectable)","selectable and loggable after Firestore seed/admin import","tier_1|tier_2|difficulty|musclesTargeted|equipment|trainingGoals|metric|description|setup|execution|breathing|formCues|commonMistakes|progressions|advancedVariations|safetyNotes|recommendedVolume","unknown","seed-to-active-runtime","catalogExercises_CLEAN.json:8622","difficulty=Beginner; movementType=unknown; holdBased=unknown"
"FIT-LEG-0102","knee-to-chest-l-r","Knee to Chest (L/R)","catalogExercises_CLEAN.json","documents[] / catalogExercises","static-catalog-record","exercise","local-seed-source","Lower Body","Mobility & Flexibility","time","seconds","collective|competitive|streak (wizard selectable)","selectable and loggable after Firestore seed/admin import","tier_1|tier_2|difficulty|musclesTargeted|equipment|trainingGoals|metric|description|setup|execution|breathing|formCues|commonMistakes|progressions|advancedVariations|safetyNotes|recommendedVolume","unknown","seed-to-active-runtime","catalogExercises_CLEAN.json:8703","difficulty=Beginner; movementType=unknown; holdBased=unknown"
"FIT-LEG-0103","double-knees-to-chest","Double Knees to Chest","catalogExercises_CLEAN.json","documents[] / catalogExercises","static-catalog-record","exercise","local-seed-source","Lower Body","Mobility & Flexibility","time","seconds","collective|competitive|streak (wizard selectable)","selectable and loggable after Firestore seed/admin import","tier_1|tier_2|difficulty|musclesTargeted|equipment|trainingGoals|metric|description|setup|execution|breathing|formCues|commonMistakes|progressions|advancedVariations|safetyNotes|recommendedVolume","unknown","seed-to-active-runtime","catalogExercises_CLEAN.json:8783","difficulty=Beginner; movementType=unknown; holdBased=unknown"
"FIT-LEG-0104","glute-stretch-l-r","Glute Stretch (L/R)","catalogExercises_CLEAN.json","documents[] / catalogExercises","static-catalog-record","exercise","local-seed-source","Lower Body","Mobility & Flexibility","time","seconds","collective|competitive|streak (wizard selectable)","selectable and loggable after Firestore seed/admin import","tier_1|tier_2|difficulty|musclesTargeted|equipment|trainingGoals|metric|description|setup|execution|breathing|formCues|commonMistakes|progressions|advancedVariations|safetyNotes|recommendedVolume","unknown","seed-to-active-runtime","catalogExercises_CLEAN.json:8863","difficulty=Beginner; movementType=unknown; holdBased=unknown"
"FIT-LEG-0105","sitting-hamstring-stretch-l-r","Sitting Hamstring Stretch (L/R)","catalogExercises_CLEAN.json","documents[] / catalogExercises","static-catalog-record","exercise","local-seed-source","Lower Body","Mobility & Flexibility","time","seconds","collective|competitive|streak (wizard selectable)","selectable and loggable after Firestore seed/admin import","tier_1|tier_2|difficulty|musclesTargeted|equipment|trainingGoals|metric|description|setup|execution|breathing|formCues|commonMistakes|progressions|advancedVariations|safetyNotes|recommendedVolume","unknown","seed-to-active-runtime","catalogExercises_CLEAN.json:8943","difficulty=Beginner; movementType=unknown; holdBased=unknown"
"FIT-LEG-0106","standing-knee-to-chest","Standing Knee to Chest","catalogExercises_CLEAN.json","documents[] / catalogExercises","static-catalog-record","exercise","local-seed-source","Lower Body","Balance & Stability","time","seconds","collective|competitive|streak (wizard selectable)","selectable and loggable after Firestore seed/admin import","tier_1|tier_2|difficulty|musclesTargeted|equipment|trainingGoals|metric|description|setup|execution|breathing|formCues|commonMistakes|progressions|advancedVariations|safetyNotes|recommendedVolume","unknown","seed-to-active-runtime","catalogExercises_CLEAN.json:9023","difficulty=Beginner; movementType=unknown; holdBased=unknown"
"FIT-LEG-0107","legs-up-the-wall","Legs Up The Wall","catalogExercises_CLEAN.json","documents[] / catalogExercises","static-catalog-record","exercise","local-seed-source","Full Body","Mobility & Flexibility","time","minutes","collective|competitive|streak (wizard selectable)","selectable and loggable after Firestore seed/admin import","tier_1|tier_2|difficulty|musclesTargeted|equipment|trainingGoals|metric|description|setup|execution|breathing|formCues|commonMistakes|progressions|advancedVariations|safetyNotes|recommendedVolume","unknown","seed-to-active-runtime","catalogExercises_CLEAN.json:9104","difficulty=Beginner; movementType=unknown; holdBased=unknown"
"FIT-LEG-0108","triangle-pose-l-r","Triangle Pose (L/R)","catalogExercises_CLEAN.json","documents[] / catalogExercises","static-catalog-record","exercise","local-seed-source","Full Body","Mobility & Flexibility","time","seconds","collective|competitive|streak (wizard selectable)","selectable and loggable after Firestore seed/admin import","tier_1|tier_2|difficulty|musclesTargeted|equipment|trainingGoals|metric|description|setup|execution|breathing|formCues|commonMistakes|progressions|advancedVariations|safetyNotes|recommendedVolume","unknown","seed-to-active-runtime","catalogExercises_CLEAN.json:9184","difficulty=Beginner; movementType=unknown; holdBased=unknown"
"FIT-LEG-0109","adductor-stretch-standing","Adductor Stretch Standing","catalogExercises_CLEAN.json","documents[] / catalogExercises","static-catalog-record","exercise","local-seed-source","Lower Body","Mobility & Flexibility","time","seconds","collective|competitive|streak (wizard selectable)","selectable and loggable after Firestore seed/admin import","tier_1|tier_2|difficulty|musclesTargeted|equipment|trainingGoals|metric|description|setup|execution|breathing|formCues|commonMistakes|progressions|advancedVariations|safetyNotes|recommendedVolume","unknown","seed-to-active-runtime","catalogExercises_CLEAN.json:9265","difficulty=Beginner; movementType=unknown; holdBased=unknown"
"FIT-LEG-0110","single-leg-hip-rotation","Single Leg Hip Rotation","catalogExercises_CLEAN.json","documents[] / catalogExercises","static-catalog-record","exercise","local-seed-source","Lower Body","Mobility & Flexibility","reps","reps","collective|competitive|streak (wizard selectable)","selectable and loggable after Firestore seed/admin import","tier_1|tier_2|difficulty|musclesTargeted|equipment|trainingGoals|metric|description|setup|execution|breathing|formCues|commonMistakes|progressions|advancedVariations|safetyNotes|recommendedVolume","unknown","seed-to-active-runtime","catalogExercises_CLEAN.json:9345","difficulty=Beginner; movementType=unknown; holdBased=unknown"
"FIT-LEG-0111","bent-leg-twist","Bent Leg Twist","catalogExercises_CLEAN.json","documents[] / catalogExercises","static-catalog-record","exercise","local-seed-source","Core","Mobility & Flexibility","time","seconds","collective|competitive|streak (wizard selectable)","selectable and loggable after Firestore seed/admin import","tier_1|tier_2|difficulty|musclesTargeted|equipment|trainingGoals|metric|description|setup|execution|breathing|formCues|commonMistakes|progressions|advancedVariations|safetyNotes|recommendedVolume","unknown","seed-to-active-runtime","catalogExercises_CLEAN.json:9425","difficulty=Beginner; movementType=unknown; holdBased=unknown"
"FIT-LEG-0112","bear-crawl-hold","Bear Crawl Hold","catalogExercises_CLEAN.json","documents[] / catalogExercises","static-catalog-record","exercise","local-seed-source","Full Body","Strength","time","seconds","collective|competitive|streak (wizard selectable)","selectable and loggable after Firestore seed/admin import","tier_1|tier_2|difficulty|musclesTargeted|equipment|trainingGoals|metric|description|setup|execution|breathing|formCues|commonMistakes|progressions|advancedVariations|safetyNotes|recommendedVolume|tags|movementType|holdBased","candidate-bear-crawl-hold","seed-to-active-runtime","catalogExercises_CLEAN.json:9506","difficulty=Intermediate; movementType=isometric; holdBased=true"
"FIT-LEG-0113","crab-walk","Crab Walk","catalogExercises_CLEAN.json","documents[] / catalogExercises","static-catalog-record","exercise","local-seed-source","Full Body","Strength","reps","reps","collective|competitive|streak (wizard selectable)","selectable and loggable after Firestore seed/admin import","tier_1|tier_2|difficulty|musclesTargeted|equipment|trainingGoals|metric|description|setup|execution|breathing|formCues|commonMistakes|progressions|advancedVariations|safetyNotes|recommendedVolume|movementType|tags|holdBased","unknown","seed-to-active-runtime","catalogExercises_CLEAN.json:9592","difficulty=Intermediate; movementType=isotonic; holdBased=false"
"FIT-LEG-0114","bear-hold","Bear Hold","catalogExercises_CLEAN.json","documents[] / catalogExercises","static-catalog-record","exercise","local-seed-source","Full Body","Strength","time","seconds","collective|competitive|streak (wizard selectable)","selectable and loggable after Firestore seed/admin import","tier_1|tier_2|difficulty|musclesTargeted|equipment|trainingGoals|metric|description|setup|execution|breathing|formCues|commonMistakes|progressions|advancedVariations|safetyNotes|recommendedVolume|tags|movementType|holdBased","candidate-bear-hold","seed-to-active-runtime","catalogExercises_CLEAN.json:9688","difficulty=Intermediate; movementType=isometric; holdBased=true"
"FIT-LEG-0115","bird-dog-hold-left","Bird Dog Hold Left","catalogExercises_CLEAN.json","documents[] / catalogExercises","static-catalog-record","exercise","local-seed-source","Core","Strength","time","seconds","collective|competitive|streak (wizard selectable)","selectable and loggable after Firestore seed/admin import","tier_1|tier_2|difficulty|musclesTargeted|equipment|trainingGoals|metric|description|setup|execution|breathing|formCues|commonMistakes|progressions|advancedVariations|safetyNotes|recommendedVolume|tags|movementType|holdBased","unknown","seed-to-active-runtime","catalogExercises_CLEAN.json:9754","difficulty=Beginner; movementType=isometric; holdBased=true"
"FIT-LEG-0116","bird-dog-hold-right","Bird Dog Hold Right","catalogExercises_CLEAN.json","documents[] / catalogExercises","static-catalog-record","exercise","local-seed-source","Core","Strength","time","seconds","collective|competitive|streak (wizard selectable)","selectable and loggable after Firestore seed/admin import","tier_1|tier_2|difficulty|musclesTargeted|equipment|trainingGoals|metric|description|setup|execution|breathing|formCues|commonMistakes|progressions|advancedVariations|safetyNotes|recommendedVolume|tags|movementType|holdBased","unknown","seed-to-active-runtime","catalogExercises_CLEAN.json:9822","difficulty=Beginner; movementType=isometric; holdBased=true"
"FIT-LEG-0117","calf-raise-hold","Calf Raise Hold","catalogExercises_CLEAN.json","documents[] / catalogExercises","static-catalog-record","exercise","local-seed-source","Lower Body","Strength","time","seconds","collective|competitive|streak (wizard selectable)","selectable and loggable after Firestore seed/admin import","tier_1|tier_2|difficulty|musclesTargeted|equipment|trainingGoals|metric|description|setup|execution|breathing|formCues|commonMistakes|progressions|advancedVariations|safetyNotes|recommendedVolume|tags|movementType|holdBased","candidate-calf-raise-hold","seed-to-active-runtime","catalogExercises_CLEAN.json:9890","difficulty=Beginner; movementType=isometric; holdBased=true"
"FIT-LEG-0118","chair-dip-hold-bottom","Chair Dip Hold Bottom","catalogExercises_CLEAN.json","documents[] / catalogExercises","static-catalog-record","exercise","local-seed-source","Upper Body","Strength","time","seconds","collective|competitive|streak (wizard selectable)","selectable and loggable after Firestore seed/admin import","tier_1|tier_2|difficulty|musclesTargeted|equipment|trainingGoals|metric|description|setup|execution|breathing|formCues|commonMistakes|progressions|advancedVariations|safetyNotes|recommendedVolume|tags|movementType|holdBased","candidate-chair-dip-hold-bottom","seed-to-active-runtime","catalogExercises_CLEAN.json:9955","difficulty=Intermediate; movementType=isometric; holdBased=true"
"FIT-LEG-0119","clamshell-hold-left","Clamshell Hold Left","catalogExercises_CLEAN.json","documents[] / catalogExercises","static-catalog-record","exercise","local-seed-source","Lower Body","Strength","time","seconds","collective|competitive|streak (wizard selectable)","selectable and loggable after Firestore seed/admin import","tier_1|tier_2|difficulty|musclesTargeted|equipment|trainingGoals|metric|description|setup|execution|breathing|formCues|commonMistakes|progressions|advancedVariations|safetyNotes|recommendedVolume|tags|movementType|holdBased","unknown","seed-to-active-runtime","catalogExercises_CLEAN.json:10016","difficulty=Beginner; movementType=isometric; holdBased=true"
"FIT-LEG-0120","clamshell-hold-right","Clamshell Hold Right","catalogExercises_CLEAN.json","documents[] / catalogExercises","static-catalog-record","exercise","local-seed-source","Lower Body","Strength","time","seconds","collective|competitive|streak (wizard selectable)","selectable and loggable after Firestore seed/admin import","tier_1|tier_2|difficulty|musclesTargeted|equipment|trainingGoals|metric|description|setup|execution|breathing|formCues|commonMistakes|progressions|advancedVariations|safetyNotes|recommendedVolume|tags|movementType|holdBased","unknown","seed-to-active-runtime","catalogExercises_CLEAN.json:10080","difficulty=Beginner; movementType=isometric; holdBased=true"
"FIT-LEG-0121","copenhagen-plank-hold-left","Copenhagen Plank Hold Left","catalogExercises_CLEAN.json","documents[] / catalogExercises","static-catalog-record","exercise","local-seed-source","Core","Strength","time","seconds","collective|competitive|streak (wizard selectable)","selectable and loggable after Firestore seed/admin import","tier_1|tier_2|difficulty|musclesTargeted|equipment|trainingGoals|metric|description|setup|execution|breathing|formCues|commonMistakes|progressions|advancedVariations|safetyNotes|recommendedVolume|tags|movementType|holdBased","unknown","seed-to-active-runtime","catalogExercises_CLEAN.json:10144","difficulty=Advanced; movementType=isometric; holdBased=true"
"FIT-LEG-0122","copenhagen-plank-hold-right","Copenhagen Plank Hold Right","catalogExercises_CLEAN.json","documents[] / catalogExercises","static-catalog-record","exercise","local-seed-source","Core","Strength","time","seconds","collective|competitive|streak (wizard selectable)","selectable and loggable after Firestore seed/admin import","tier_1|tier_2|difficulty|musclesTargeted|equipment|trainingGoals|metric|description|setup|execution|breathing|formCues|commonMistakes|progressions|advancedVariations|safetyNotes|recommendedVolume|tags|movementType|holdBased","unknown","seed-to-active-runtime","catalogExercises_CLEAN.json:10207","difficulty=Advanced; movementType=isometric; holdBased=true"
"FIT-LEG-0123","crab-hold","Crab Hold","catalogExercises_CLEAN.json","documents[] / catalogExercises","static-catalog-record","exercise","local-seed-source","Full Body","Strength","time","seconds","collective|competitive|streak (wizard selectable)","selectable and loggable after Firestore seed/admin import","tier_1|tier_2|difficulty|musclesTargeted|equipment|trainingGoals|metric|description|setup|execution|breathing|formCues|commonMistakes|progressions|advancedVariations|safetyNotes|recommendedVolume|tags|movementType|holdBased","candidate-crab-hold","seed-to-active-runtime","catalogExercises_CLEAN.json:10270","difficulty=Beginner; movementType=isometric; holdBased=true"
"FIT-LEG-0124","dead-bug-hold-left","Dead Bug Hold Left","catalogExercises_CLEAN.json","documents[] / catalogExercises","static-catalog-record","exercise","local-seed-source","Core","Strength","time","seconds","collective|competitive|streak (wizard selectable)","selectable and loggable after Firestore seed/admin import","tier_1|tier_2|difficulty|musclesTargeted|equipment|trainingGoals|metric|description|setup|execution|breathing|formCues|commonMistakes|progressions|advancedVariations|safetyNotes|recommendedVolume|tags|movementType|holdBased","unknown","seed-to-active-runtime","catalogExercises_CLEAN.json:10333","difficulty=Beginner; movementType=isometric; holdBased=true"
"FIT-LEG-0125","dead-bug-hold-right","Dead Bug Hold Right","catalogExercises_CLEAN.json","documents[] / catalogExercises","static-catalog-record","exercise","local-seed-source","Core","Strength","time","seconds","collective|competitive|streak (wizard selectable)","selectable and loggable after Firestore seed/admin import","tier_1|tier_2|difficulty|musclesTargeted|equipment|trainingGoals|metric|description|setup|execution|breathing|formCues|commonMistakes|progressions|advancedVariations|safetyNotes|recommendedVolume|tags|movementType|holdBased","unknown","seed-to-active-runtime","catalogExercises_CLEAN.json:10399","difficulty=Beginner; movementType=isometric; holdBased=true"
"FIT-LEG-0126","doorway-chest-press-hold","Doorway Chest Press Hold","catalogExercises_CLEAN.json","documents[] / catalogExercises","static-catalog-record","exercise","local-seed-source","Upper Body","Strength","time","seconds","collective|competitive|streak (wizard selectable)","selectable and loggable after Firestore seed/admin import","tier_1|tier_2|difficulty|musclesTargeted|equipment|trainingGoals|metric|description|setup|execution|breathing|formCues|commonMistakes|progressions|advancedVariations|safetyNotes|recommendedVolume|tags|movementType|holdBased","candidate-doorway-chest-press-hold","seed-to-active-runtime","catalogExercises_CLEAN.json:10465","difficulty=Beginner; movementType=isometric; holdBased=true"
"FIT-LEG-0127","fire-hydrant-hold-left","Fire Hydrant Hold Left","catalogExercises_CLEAN.json","documents[] / catalogExercises","static-catalog-record","exercise","local-seed-source","Lower Body","Strength","time","seconds","collective|competitive|streak (wizard selectable)","selectable and loggable after Firestore seed/admin import","tier_1|tier_2|difficulty|musclesTargeted|equipment|trainingGoals|metric|description|setup|execution|breathing|formCues|commonMistakes|progressions|advancedVariations|safetyNotes|recommendedVolume|tags|movementType|holdBased","unknown","seed-to-active-runtime","catalogExercises_CLEAN.json:10526","difficulty=Beginner; movementType=isometric; holdBased=true"
"FIT-LEG-0128","fire-hydrant-hold-right","Fire Hydrant Hold Right","catalogExercises_CLEAN.json","documents[] / catalogExercises","static-catalog-record","exercise","local-seed-source","Lower Body","Strength","time","seconds","collective|competitive|streak (wizard selectable)","selectable and loggable after Firestore seed/admin import","tier_1|tier_2|difficulty|musclesTargeted|equipment|trainingGoals|metric|description|setup|execution|breathing|formCues|commonMistakes|progressions|advancedVariations|safetyNotes|recommendedVolume|tags|movementType|holdBased","unknown","seed-to-active-runtime","catalogExercises_CLEAN.json:10588","difficulty=Beginner; movementType=isometric; holdBased=true"
"FIT-LEG-0129","glute-bridge-hold","Glute Bridge Hold","catalogExercises_CLEAN.json","documents[] / catalogExercises","static-catalog-record","exercise","local-seed-source","Lower Body","Strength","time","seconds","collective|competitive|streak (wizard selectable)","selectable and loggable after Firestore seed/admin import","tier_1|tier_2|difficulty|musclesTargeted|equipment|trainingGoals|metric|description|setup|execution|breathing|formCues|commonMistakes|progressions|advancedVariations|safetyNotes|recommendedVolume|tags|movementType|holdBased","candidate-glute-bridge-hold","seed-to-active-runtime","catalogExercises_CLEAN.json:10650","difficulty=Beginner; movementType=isometric; holdBased=true"
"FIT-LEG-0130","handstand-hold-wall-supported","Handstand Hold Wall Supported","catalogExercises_CLEAN.json","documents[] / catalogExercises","static-catalog-record","exercise","local-seed-source","Upper Body","Strength","time","seconds","collective|competitive|streak (wizard selectable)","selectable and loggable after Firestore seed/admin import","tier_1|tier_2|difficulty|musclesTargeted|equipment|trainingGoals|metric|description|setup|execution|breathing|formCues|commonMistakes|progressions|advancedVariations|safetyNotes|recommendedVolume|tags|movementType|holdBased","candidate-handstand-hold-wall-supported","seed-to-active-runtime","catalogExercises_CLEAN.json:10715","difficulty=Advanced; movementType=isometric; holdBased=true"
"FIT-LEG-0131","hollow-rock-hold","Hollow Rock Hold","catalogExercises_CLEAN.json","documents[] / catalogExercises","static-catalog-record","exercise","local-seed-source","Core","Strength","time","seconds","collective|competitive|streak (wizard selectable)","selectable and loggable after Firestore seed/admin import","tier_1|tier_2|difficulty|musclesTargeted|equipment|trainingGoals|metric|description|setup|execution|breathing|formCues|commonMistakes|progressions|advancedVariations|safetyNotes|recommendedVolume|tags|movementType|holdBased","candidate-hollow-rock-hold","seed-to-active-runtime","catalogExercises_CLEAN.json:10778","difficulty=Advanced; movementType=isometric; holdBased=true"
"FIT-LEG-0132","isometric-push-up-hold-mid","Isometric Push-Up Hold Mid","catalogExercises_CLEAN.json","documents[] / catalogExercises","static-catalog-record","exercise","local-seed-source","Upper Body","Strength","time","seconds","collective|competitive|streak (wizard selectable)","selectable and loggable after Firestore seed/admin import","tier_1|tier_2|difficulty|musclesTargeted|equipment|trainingGoals|metric|description|setup|execution|breathing|formCues|commonMistakes|progressions|advancedVariations|safetyNotes|recommendedVolume|tags|movementType|holdBased","candidate-isometric-push-up-hold-mid","seed-to-active-runtime","catalogExercises_CLEAN.json:10843","difficulty=Intermediate; movementType=isometric; holdBased=true"
"FIT-LEG-0133","isometric-push-up-hold-top","Isometric Push-Up Hold Top","catalogExercises_CLEAN.json","documents[] / catalogExercises","static-catalog-record","exercise","local-seed-source","Upper Body","Strength","time","seconds","collective|competitive|streak (wizard selectable)","selectable and loggable after Firestore seed/admin import","tier_1|tier_2|difficulty|musclesTargeted|equipment|trainingGoals|metric|description|setup|execution|breathing|formCues|commonMistakes|progressions|advancedVariations|safetyNotes|recommendedVolume|tags|movementType|holdBased","candidate-isometric-push-up-hold-top","seed-to-active-runtime","catalogExercises_CLEAN.json:10907","difficulty=Beginner; movementType=isometric; holdBased=true"
"FIT-LEG-0134","low-squat-hold-malasana","Low Squat Hold Malasana","catalogExercises_CLEAN.json","documents[] / catalogExercises","static-catalog-record","exercise","local-seed-source","Full Body","Strength","time","seconds","collective|competitive|streak (wizard selectable)","selectable and loggable after Firestore seed/admin import","tier_1|tier_2|difficulty|musclesTargeted|equipment|trainingGoals|metric|description|setup|execution|breathing|formCues|commonMistakes|progressions|advancedVariations|safetyNotes|recommendedVolume|tags|movementType|holdBased","unknown","seed-to-active-runtime","catalogExercises_CLEAN.json:10971","difficulty=Beginner; movementType=isometric; holdBased=true"
"FIT-LEG-0135","overhead-arm-hold","Overhead Arm Hold","catalogExercises_CLEAN.json","documents[] / catalogExercises","static-catalog-record","exercise","local-seed-source","Upper Body","Strength","time","seconds","collective|competitive|streak (wizard selectable)","selectable and loggable after Firestore seed/admin import","tier_1|tier_2|difficulty|musclesTargeted|equipment|trainingGoals|metric|description|setup|execution|breathing|formCues|commonMistakes|progressions|advancedVariations|safetyNotes|recommendedVolume|tags|movementType|holdBased","candidate-overhead-arm-hold","seed-to-active-runtime","catalogExercises_CLEAN.json:11037","difficulty=Beginner; movementType=isometric; holdBased=true"
"FIT-LEG-0136","pistol-squat-hold-left","Pistol Squat Hold Left","catalogExercises_CLEAN.json","documents[] / catalogExercises","static-catalog-record","exercise","local-seed-source","Lower Body","Strength","time","seconds","collective|competitive|streak (wizard selectable)","selectable and loggable after Firestore seed/admin import","tier_1|tier_2|difficulty|musclesTargeted|equipment|trainingGoals|metric|description|setup|execution|breathing|formCues|commonMistakes|progressions|advancedVariations|safetyNotes|recommendedVolume|tags|movementType|holdBased","unknown","seed-to-active-runtime","catalogExercises_CLEAN.json:11099","difficulty=Advanced; movementType=isometric; holdBased=true"
"FIT-LEG-0137","pistol-squat-hold-right","Pistol Squat Hold Right","catalogExercises_CLEAN.json","documents[] / catalogExercises","static-catalog-record","exercise","local-seed-source","Lower Body","Strength","time","seconds","collective|competitive|streak (wizard selectable)","selectable and loggable after Firestore seed/admin import","tier_1|tier_2|difficulty|musclesTargeted|equipment|trainingGoals|metric|description|setup|execution|breathing|formCues|commonMistakes|progressions|advancedVariations|safetyNotes|recommendedVolume|tags|movementType|holdBased","unknown","seed-to-active-runtime","catalogExercises_CLEAN.json:11165","difficulty=Advanced; movementType=isometric; holdBased=true"
"FIT-LEG-0138","reverse-snow-angel-hold","Reverse Snow Angel Hold","catalogExercises_CLEAN.json","documents[] / catalogExercises","static-catalog-record","exercise","local-seed-source","Upper Body","Strength","time","seconds","collective|competitive|streak (wizard selectable)","selectable and loggable after Firestore seed/admin import","tier_1|tier_2|difficulty|musclesTargeted|equipment|trainingGoals|metric|description|setup|execution|breathing|formCues|commonMistakes|progressions|advancedVariations|safetyNotes|recommendedVolume|tags|movementType|holdBased","candidate-reverse-snow-angel-hold","seed-to-active-runtime","catalogExercises_CLEAN.json:11231","difficulty=Beginner; movementType=isometric; holdBased=true"
"FIT-LEG-0139","single-leg-calf-raise-hold-left","Single Leg Calf Raise Hold Left","catalogExercises_CLEAN.json","documents[] / catalogExercises","static-catalog-record","exercise","local-seed-source","Lower Body","Strength","time","seconds","collective|competitive|streak (wizard selectable)","selectable and loggable after Firestore seed/admin import","tier_1|tier_2|difficulty|musclesTargeted|equipment|trainingGoals|metric|description|setup|execution|breathing|formCues|commonMistakes|progressions|advancedVariations|safetyNotes|recommendedVolume|tags|movementType|holdBased","unknown","seed-to-active-runtime","catalogExercises_CLEAN.json:11297","difficulty=Intermediate; movementType=isometric; holdBased=true"
"FIT-LEG-0140","single-leg-calf-raise-hold-right","Single Leg Calf Raise Hold Right","catalogExercises_CLEAN.json","documents[] / catalogExercises","static-catalog-record","exercise","local-seed-source","Lower Body","Strength","time","seconds","collective|competitive|streak (wizard selectable)","selectable and loggable after Firestore seed/admin import","tier_1|tier_2|difficulty|musclesTargeted|equipment|trainingGoals|metric|description|setup|execution|breathing|formCues|commonMistakes|progressions|advancedVariations|safetyNotes|recommendedVolume|tags|movementType|holdBased","unknown","seed-to-active-runtime","catalogExercises_CLEAN.json:11363","difficulty=Intermediate; movementType=isometric; holdBased=true"
"FIT-LEG-0141","single-leg-glute-bridge-hold-left","Single Leg Glute Bridge Hold Left","catalogExercises_CLEAN.json","documents[] / catalogExercises","static-catalog-record","exercise","local-seed-source","Lower Body","Strength","time","seconds","collective|competitive|streak (wizard selectable)","selectable and loggable after Firestore seed/admin import","tier_1|tier_2|difficulty|musclesTargeted|equipment|trainingGoals|metric|description|setup|execution|breathing|formCues|commonMistakes|progressions|advancedVariations|safetyNotes|recommendedVolume|tags|movementType|holdBased","unknown","seed-to-active-runtime","catalogExercises_CLEAN.json:11429","difficulty=Intermediate; movementType=isometric; holdBased=true"
"FIT-LEG-0142","single-leg-glute-bridge-hold-right","Single Leg Glute Bridge Hold Right","catalogExercises_CLEAN.json","documents[] / catalogExercises","static-catalog-record","exercise","local-seed-source","Lower Body","Strength","time","seconds","collective|competitive|streak (wizard selectable)","selectable and loggable after Firestore seed/admin import","tier_1|tier_2|difficulty|musclesTargeted|equipment|trainingGoals|metric|description|setup|execution|breathing|formCues|commonMistakes|progressions|advancedVariations|safetyNotes|recommendedVolume|tags|movementType|holdBased","unknown","seed-to-active-runtime","catalogExercises_CLEAN.json:11494","difficulty=Intermediate; movementType=isometric; holdBased=true"
"FIT-LEG-0143","single-leg-wall-sit-left","Single Leg Wall Sit Left","catalogExercises_CLEAN.json","documents[] / catalogExercises","static-catalog-record","exercise","local-seed-source","Lower Body","Strength","time","seconds","collective|competitive|streak (wizard selectable)","selectable and loggable after Firestore seed/admin import","tier_1|tier_2|difficulty|musclesTargeted|equipment|trainingGoals|metric|description|setup|execution|breathing|formCues|commonMistakes|progressions|advancedVariations|safetyNotes|recommendedVolume|tags|movementType|holdBased","unknown","seed-to-active-runtime","catalogExercises_CLEAN.json:11559","difficulty=Advanced; movementType=isometric; holdBased=true"
"FIT-LEG-0144","single-leg-wall-sit-right","Single Leg Wall Sit Right","catalogExercises_CLEAN.json","documents[] / catalogExercises","static-catalog-record","exercise","local-seed-source","Lower Body","Strength","time","seconds","collective|competitive|streak (wizard selectable)","selectable and loggable after Firestore seed/admin import","tier_1|tier_2|difficulty|musclesTargeted|equipment|trainingGoals|metric|description|setup|execution|breathing|formCues|commonMistakes|progressions|advancedVariations|safetyNotes|recommendedVolume|tags|movementType|holdBased","unknown","seed-to-active-runtime","catalogExercises_CLEAN.json:11623","difficulty=Advanced; movementType=isometric; holdBased=true"
"FIT-LEG-0145","standing-hip-abduction-hold-left","Standing Hip Abduction Hold Left","catalogExercises_CLEAN.json","documents[] / catalogExercises","static-catalog-record","exercise","local-seed-source","Lower Body","Strength","time","seconds","collective|competitive|streak (wizard selectable)","selectable and loggable after Firestore seed/admin import","tier_1|tier_2|difficulty|musclesTargeted|equipment|trainingGoals|metric|description|setup|execution|breathing|formCues|commonMistakes|progressions|advancedVariations|safetyNotes|recommendedVolume|tags|movementType|holdBased","unknown","seed-to-active-runtime","catalogExercises_CLEAN.json:11687","difficulty=Beginner; movementType=isometric; holdBased=true"
"FIT-LEG-0146","standing-hip-abduction-hold-right","Standing Hip Abduction Hold Right","catalogExercises_CLEAN.json","documents[] / catalogExercises","static-catalog-record","exercise","local-seed-source","Lower Body","Strength","time","seconds","collective|competitive|streak (wizard selectable)","selectable and loggable after Firestore seed/admin import","tier_1|tier_2|difficulty|musclesTargeted|equipment|trainingGoals|metric|description|setup|execution|breathing|formCues|commonMistakes|progressions|advancedVariations|safetyNotes|recommendedVolume|tags|movementType|holdBased","unknown","seed-to-active-runtime","catalogExercises_CLEAN.json:11753","difficulty=Beginner; movementType=isometric; holdBased=true"
"FIT-LEG-0147","star-plank-hold-left","Star Plank Hold Left","catalogExercises_CLEAN.json","documents[] / catalogExercises","static-catalog-record","exercise","local-seed-source","Core","Strength","time","seconds","collective|competitive|streak (wizard selectable)","selectable and loggable after Firestore seed/admin import","tier_1|tier_2|difficulty|musclesTargeted|equipment|trainingGoals|metric|description|setup|execution|breathing|formCues|commonMistakes|progressions|advancedVariations|safetyNotes|recommendedVolume|tags|movementType|holdBased","unknown","seed-to-active-runtime","catalogExercises_CLEAN.json:11819","difficulty=Advanced; movementType=isometric; holdBased=true"
"FIT-LEG-0148","star-plank-hold-right","Star Plank Hold Right","catalogExercises_CLEAN.json","documents[] / catalogExercises","static-catalog-record","exercise","local-seed-source","Core","Strength","time","seconds","collective|competitive|streak (wizard selectable)","selectable and loggable after Firestore seed/admin import","tier_1|tier_2|difficulty|musclesTargeted|equipment|trainingGoals|metric|description|setup|execution|breathing|formCues|commonMistakes|progressions|advancedVariations|safetyNotes|recommendedVolume|tags|movementType|holdBased","unknown","seed-to-active-runtime","catalogExercises_CLEAN.json:11885","difficulty=Advanced; movementType=isometric; holdBased=true"
"FIT-LEG-0149","static-lunge-hold-left","Static Lunge Hold Left","catalogExercises_CLEAN.json","documents[] / catalogExercises","static-catalog-record","exercise","local-seed-source","Lower Body","Strength","time","seconds","collective|competitive|streak (wizard selectable)","selectable and loggable after Firestore seed/admin import","tier_1|tier_2|difficulty|musclesTargeted|equipment|trainingGoals|metric|description|setup|execution|breathing|formCues|commonMistakes|progressions|advancedVariations|safetyNotes|recommendedVolume|tags|movementType|holdBased","unknown","seed-to-active-runtime","catalogExercises_CLEAN.json:11951","difficulty=Beginner; movementType=isometric; holdBased=true"
"FIT-LEG-0150","static-lunge-hold-right","Static Lunge Hold Right","catalogExercises_CLEAN.json","documents[] / catalogExercises","static-catalog-record","exercise","local-seed-source","Lower Body","Strength","time","seconds","collective|competitive|streak (wizard selectable)","selectable and loggable after Firestore seed/admin import","tier_1|tier_2|difficulty|musclesTargeted|equipment|trainingGoals|metric|description|setup|execution|breathing|formCues|commonMistakes|progressions|advancedVariations|safetyNotes|recommendedVolume|tags|movementType|holdBased","unknown","seed-to-active-runtime","catalogExercises_CLEAN.json:12015","difficulty=Beginner; movementType=isometric; holdBased=true"
"FIT-LEG-0151","static-squat-hold","Static Squat Hold","catalogExercises_CLEAN.json","documents[] / catalogExercises","static-catalog-record","exercise","local-seed-source","Lower Body","Strength","time","seconds","collective|competitive|streak (wizard selectable)","selectable and loggable after Firestore seed/admin import","tier_1|tier_2|difficulty|musclesTargeted|equipment|trainingGoals|metric|description|setup|execution|breathing|formCues|commonMistakes|progressions|advancedVariations|safetyNotes|recommendedVolume|tags|movementType|holdBased","candidate-static-squat-hold","seed-to-active-runtime","catalogExercises_CLEAN.json:12079","difficulty=Beginner; movementType=isometric; holdBased=true"
"FIT-LEG-0152","sumo-squat-hold","Sumo Squat Hold","catalogExercises_CLEAN.json","documents[] / catalogExercises","static-catalog-record","exercise","local-seed-source","Lower Body","Strength","time","seconds","collective|competitive|streak (wizard selectable)","selectable and loggable after Firestore seed/admin import","tier_1|tier_2|difficulty|musclesTargeted|equipment|trainingGoals|metric|description|setup|execution|breathing|formCues|commonMistakes|progressions|advancedVariations|safetyNotes|recommendedVolume|tags|movementType|holdBased","candidate-sumo-squat-hold","seed-to-active-runtime","catalogExercises_CLEAN.json:12147","difficulty=Beginner; movementType=isometric; holdBased=true"
"FIT-LEG-0153","v-sit-hold","V-Sit Hold","catalogExercises_CLEAN.json","documents[] / catalogExercises","static-catalog-record","exercise","local-seed-source","Core","Strength","time","seconds","collective|competitive|streak (wizard selectable)","selectable and loggable after Firestore seed/admin import","tier_1|tier_2|difficulty|musclesTargeted|equipment|trainingGoals|metric|description|setup|execution|breathing|formCues|commonMistakes|progressions|advancedVariations|safetyNotes|recommendedVolume|tags|movementType|holdBased","candidate-v-sit-hold","seed-to-active-runtime","catalogExercises_CLEAN.json:12210","difficulty=Intermediate; movementType=isometric; holdBased=true"
"FIT-LEG-0154","wall-push-isometric-hold","Wall Push Isometric Hold","catalogExercises_CLEAN.json","documents[] / catalogExercises","static-catalog-record","exercise","local-seed-source","Upper Body","Strength","time","seconds","collective|competitive|streak (wizard selectable)","selectable and loggable after Firestore seed/admin import","tier_1|tier_2|difficulty|musclesTargeted|equipment|trainingGoals|metric|description|setup|execution|breathing|formCues|commonMistakes|progressions|advancedVariations|safetyNotes|recommendedVolume|tags|movementType|holdBased","candidate-wall-push-isometric-hold","seed-to-active-runtime","catalogExercises_CLEAN.json:12277","difficulty=Beginner; movementType=isometric; holdBased=true"
"FIT-LEG-0155","unknown","Hollow Body Hold","docs/input/ISOMETRIC-EXERCISES-CONTENT-DETAIL.md","numbered isometric content entries","reference-content-record","reference-exercise","reference-only","section-derived","isometric","time/hold described in content","seconds/minutes where stated","unknown","none directly","benefits|metric|recommended|instructions|cues|mistakes|safety","candidate-hollow-body-hold","reference-only","docs/input/ISOMETRIC-EXERCISES-CONTENT-DETAIL.md:13","No runtime import; left/right concepts are sometimes expanded into separate JSON records."
"FIT-LEG-0156","unknown","Arch Hold (Superman Hold)","docs/input/ISOMETRIC-EXERCISES-CONTENT-DETAIL.md","numbered isometric content entries","reference-content-record","reference-exercise","reference-only","section-derived","isometric","time/hold described in content","seconds/minutes where stated","unknown","none directly","benefits|metric|recommended|instructions|cues|mistakes|safety","unknown","reference-only","docs/input/ISOMETRIC-EXERCISES-CONTENT-DETAIL.md:35","No runtime import; left/right concepts are sometimes expanded into separate JSON records."
"FIT-LEG-0157","unknown","Bird Dog Hold (Left / Right)","docs/input/ISOMETRIC-EXERCISES-CONTENT-DETAIL.md","numbered isometric content entries","reference-content-record","reference-exercise","reference-only","section-derived","isometric","time/hold described in content","seconds/minutes where stated","unknown","none directly","benefits|metric|recommended|instructions|cues|mistakes|safety","unknown","reference-only","docs/input/ISOMETRIC-EXERCISES-CONTENT-DETAIL.md:57","No runtime import; left/right concepts are sometimes expanded into separate JSON records."
"FIT-LEG-0158","unknown","Dead Bug Hold (Left / Right)","docs/input/ISOMETRIC-EXERCISES-CONTENT-DETAIL.md","numbered isometric content entries","reference-content-record","reference-exercise","reference-only","section-derived","isometric","time/hold described in content","seconds/minutes where stated","unknown","none directly","benefits|metric|recommended|instructions|cues|mistakes|safety","unknown","reference-only","docs/input/ISOMETRIC-EXERCISES-CONTENT-DETAIL.md:79","No runtime import; left/right concepts are sometimes expanded into separate JSON records."
"FIT-LEG-0159","unknown","V-Sit Hold","docs/input/ISOMETRIC-EXERCISES-CONTENT-DETAIL.md","numbered isometric content entries","reference-content-record","reference-exercise","reference-only","section-derived","isometric","time/hold described in content","seconds/minutes where stated","unknown","none directly","benefits|metric|recommended|instructions|cues|mistakes|safety","candidate-v-sit-hold","reference-only","docs/input/ISOMETRIC-EXERCISES-CONTENT-DETAIL.md:101","No runtime import; left/right concepts are sometimes expanded into separate JSON records."
"FIT-LEG-0160","unknown","Hollow Rock Hold","docs/input/ISOMETRIC-EXERCISES-CONTENT-DETAIL.md","numbered isometric content entries","reference-content-record","reference-exercise","reference-only","section-derived","isometric","time/hold described in content","seconds/minutes where stated","unknown","none directly","benefits|metric|recommended|instructions|cues|mistakes|safety","candidate-hollow-rock-hold","reference-only","docs/input/ISOMETRIC-EXERCISES-CONTENT-DETAIL.md:123","No runtime import; left/right concepts are sometimes expanded into separate JSON records."
"FIT-LEG-0161","unknown","Star Plank Hold (Left / Right)","docs/input/ISOMETRIC-EXERCISES-CONTENT-DETAIL.md","numbered isometric content entries","reference-content-record","reference-exercise","reference-only","section-derived","isometric","time/hold described in content","seconds/minutes where stated","unknown","none directly","benefits|metric|recommended|instructions|cues|mistakes|safety","unknown","reference-only","docs/input/ISOMETRIC-EXERCISES-CONTENT-DETAIL.md:145","No runtime import; left/right concepts are sometimes expanded into separate JSON records."
"FIT-LEG-0162","unknown","Copenhagen Plank Hold (Left / Right)","docs/input/ISOMETRIC-EXERCISES-CONTENT-DETAIL.md","numbered isometric content entries","reference-content-record","reference-exercise","reference-only","section-derived","isometric","time/hold described in content","seconds/minutes where stated","unknown","none directly","benefits|metric|recommended|instructions|cues|mistakes|safety","unknown","reference-only","docs/input/ISOMETRIC-EXERCISES-CONTENT-DETAIL.md:167","No runtime import; left/right concepts are sometimes expanded into separate JSON records."
"FIT-LEG-0163","unknown","Glute Bridge Hold","docs/input/ISOMETRIC-EXERCISES-CONTENT-DETAIL.md","numbered isometric content entries","reference-content-record","reference-exercise","reference-only","section-derived","isometric","time/hold described in content","seconds/minutes where stated","unknown","none directly","benefits|metric|recommended|instructions|cues|mistakes|safety","candidate-glute-bridge-hold","reference-only","docs/input/ISOMETRIC-EXERCISES-CONTENT-DETAIL.md:192","No runtime import; left/right concepts are sometimes expanded into separate JSON records."
"FIT-LEG-0164","unknown","Single Leg Glute Bridge Hold (Left / Right)","docs/input/ISOMETRIC-EXERCISES-CONTENT-DETAIL.md","numbered isometric content entries","reference-content-record","reference-exercise","reference-only","section-derived","isometric","time/hold described in content","seconds/minutes where stated","unknown","none directly","benefits|metric|recommended|instructions|cues|mistakes|safety","unknown","reference-only","docs/input/ISOMETRIC-EXERCISES-CONTENT-DETAIL.md:214","No runtime import; left/right concepts are sometimes expanded into separate JSON records."
"FIT-LEG-0165","unknown","Clamshell Hold (Left / Right)","docs/input/ISOMETRIC-EXERCISES-CONTENT-DETAIL.md","numbered isometric content entries","reference-content-record","reference-exercise","reference-only","section-derived","isometric","time/hold described in content","seconds/minutes where stated","unknown","none directly","benefits|metric|recommended|instructions|cues|mistakes|safety","unknown","reference-only","docs/input/ISOMETRIC-EXERCISES-CONTENT-DETAIL.md:236","No runtime import; left/right concepts are sometimes expanded into separate JSON records."
"FIT-LEG-0166","unknown","Fire Hydrant Hold (Left / Right)","docs/input/ISOMETRIC-EXERCISES-CONTENT-DETAIL.md","numbered isometric content entries","reference-content-record","reference-exercise","reference-only","section-derived","isometric","time/hold described in content","seconds/minutes where stated","unknown","none directly","benefits|metric|recommended|instructions|cues|mistakes|safety","unknown","reference-only","docs/input/ISOMETRIC-EXERCISES-CONTENT-DETAIL.md:258","No runtime import; left/right concepts are sometimes expanded into separate JSON records."
"FIT-LEG-0167","unknown","Standing Hip Abduction Hold (Left / Right)","docs/input/ISOMETRIC-EXERCISES-CONTENT-DETAIL.md","numbered isometric content entries","reference-content-record","reference-exercise","reference-only","section-derived","isometric","time/hold described in content","seconds/minutes where stated","unknown","none directly","benefits|metric|recommended|instructions|cues|mistakes|safety","unknown","reference-only","docs/input/ISOMETRIC-EXERCISES-CONTENT-DETAIL.md:280","No runtime import; left/right concepts are sometimes expanded into separate JSON records."
"FIT-LEG-0168","unknown","Single Leg Wall Sit (Left / Right)","docs/input/ISOMETRIC-EXERCISES-CONTENT-DETAIL.md","numbered isometric content entries","reference-content-record","reference-exercise","reference-only","section-derived","isometric","time/hold described in content","seconds/minutes where stated","unknown","none directly","benefits|metric|recommended|instructions|cues|mistakes|safety","unknown","reference-only","docs/input/ISOMETRIC-EXERCISES-CONTENT-DETAIL.md:305","No runtime import; left/right concepts are sometimes expanded into separate JSON records."
"FIT-LEG-0169","unknown","Static Lunge Hold (Left / Right)","docs/input/ISOMETRIC-EXERCISES-CONTENT-DETAIL.md","numbered isometric content entries","reference-content-record","reference-exercise","reference-only","section-derived","isometric","time/hold described in content","seconds/minutes where stated","unknown","none directly","benefits|metric|recommended|instructions|cues|mistakes|safety","unknown","reference-only","docs/input/ISOMETRIC-EXERCISES-CONTENT-DETAIL.md:328","No runtime import; left/right concepts are sometimes expanded into separate JSON records."
"FIT-LEG-0170","unknown","Static Squat Hold","docs/input/ISOMETRIC-EXERCISES-CONTENT-DETAIL.md","numbered isometric content entries","reference-content-record","reference-exercise","reference-only","section-derived","isometric","time/hold described in content","seconds/minutes where stated","unknown","none directly","benefits|metric|recommended|instructions|cues|mistakes|safety","candidate-static-squat-hold","reference-only","docs/input/ISOMETRIC-EXERCISES-CONTENT-DETAIL.md:350","No runtime import; left/right concepts are sometimes expanded into separate JSON records."
"FIT-LEG-0171","unknown","Sumo Squat Hold","docs/input/ISOMETRIC-EXERCISES-CONTENT-DETAIL.md","numbered isometric content entries","reference-content-record","reference-exercise","reference-only","section-derived","isometric","time/hold described in content","seconds/minutes where stated","unknown","none directly","benefits|metric|recommended|instructions|cues|mistakes|safety","candidate-sumo-squat-hold","reference-only","docs/input/ISOMETRIC-EXERCISES-CONTENT-DETAIL.md:372","No runtime import; left/right concepts are sometimes expanded into separate JSON records."
"FIT-LEG-0172","unknown","Calf Raise Hold","docs/input/ISOMETRIC-EXERCISES-CONTENT-DETAIL.md","numbered isometric content entries","reference-content-record","reference-exercise","reference-only","section-derived","isometric","time/hold described in content","seconds/minutes where stated","unknown","none directly","benefits|metric|recommended|instructions|cues|mistakes|safety","candidate-calf-raise-hold","reference-only","docs/input/ISOMETRIC-EXERCISES-CONTENT-DETAIL.md:394","No runtime import; left/right concepts are sometimes expanded into separate JSON records."
"FIT-LEG-0173","unknown","Single Leg Calf Raise Hold (Left / Right)","docs/input/ISOMETRIC-EXERCISES-CONTENT-DETAIL.md","numbered isometric content entries","reference-content-record","reference-exercise","reference-only","section-derived","isometric","time/hold described in content","seconds/minutes where stated","unknown","none directly","benefits|metric|recommended|instructions|cues|mistakes|safety","unknown","reference-only","docs/input/ISOMETRIC-EXERCISES-CONTENT-DETAIL.md:416","No runtime import; left/right concepts are sometimes expanded into separate JSON records."
"FIT-LEG-0174","unknown","Pistol Squat Hold (Left / Right)","docs/input/ISOMETRIC-EXERCISES-CONTENT-DETAIL.md","numbered isometric content entries","reference-content-record","reference-exercise","reference-only","section-derived","isometric","time/hold described in content","seconds/minutes where stated","unknown","none directly","benefits|metric|recommended|instructions|cues|mistakes|safety","unknown","reference-only","docs/input/ISOMETRIC-EXERCISES-CONTENT-DETAIL.md:439","No runtime import; left/right concepts are sometimes expanded into separate JSON records."
"FIT-LEG-0175","unknown","Isometric Push-Up Hold — Top","docs/input/ISOMETRIC-EXERCISES-CONTENT-DETAIL.md","numbered isometric content entries","reference-content-record","reference-exercise","reference-only","section-derived","isometric","time/hold described in content","seconds/minutes where stated","unknown","none directly","benefits|metric|recommended|instructions|cues|mistakes|safety","candidate-isometric-push-up-hold-top","reference-only","docs/input/ISOMETRIC-EXERCISES-CONTENT-DETAIL.md:464","No runtime import; left/right concepts are sometimes expanded into separate JSON records."
"FIT-LEG-0176","unknown","Isometric Push-Up Hold — Mid","docs/input/ISOMETRIC-EXERCISES-CONTENT-DETAIL.md","numbered isometric content entries","reference-content-record","reference-exercise","reference-only","section-derived","isometric","time/hold described in content","seconds/minutes where stated","unknown","none directly","benefits|metric|recommended|instructions|cues|mistakes|safety","candidate-isometric-push-up-hold-mid","reference-only","docs/input/ISOMETRIC-EXERCISES-CONTENT-DETAIL.md:486","No runtime import; left/right concepts are sometimes expanded into separate JSON records."
"FIT-LEG-0177","unknown","Wall Push Isometric Hold","docs/input/ISOMETRIC-EXERCISES-CONTENT-DETAIL.md","numbered isometric content entries","reference-content-record","reference-exercise","reference-only","section-derived","isometric","time/hold described in content","seconds/minutes where stated","unknown","none directly","benefits|metric|recommended|instructions|cues|mistakes|safety","candidate-wall-push-isometric-hold","reference-only","docs/input/ISOMETRIC-EXERCISES-CONTENT-DETAIL.md:508","No runtime import; left/right concepts are sometimes expanded into separate JSON records."
"FIT-LEG-0178","unknown","Doorway Chest Press Hold","docs/input/ISOMETRIC-EXERCISES-CONTENT-DETAIL.md","numbered isometric content entries","reference-content-record","reference-exercise","reference-only","section-derived","isometric","time/hold described in content","seconds/minutes where stated","unknown","none directly","benefits|metric|recommended|instructions|cues|mistakes|safety","candidate-doorway-chest-press-hold","reference-only","docs/input/ISOMETRIC-EXERCISES-CONTENT-DETAIL.md:531","No runtime import; left/right concepts are sometimes expanded into separate JSON records."
"FIT-LEG-0179","unknown","Chair Dip Hold — Bottom","docs/input/ISOMETRIC-EXERCISES-CONTENT-DETAIL.md","numbered isometric content entries","reference-content-record","reference-exercise","reference-only","section-derived","isometric","time/hold described in content","seconds/minutes where stated","unknown","none directly","benefits|metric|recommended|instructions|cues|mistakes|safety","candidate-chair-dip-hold-bottom","reference-only","docs/input/ISOMETRIC-EXERCISES-CONTENT-DETAIL.md:554","No runtime import; left/right concepts are sometimes expanded into separate JSON records."
"FIT-LEG-0180","unknown","Handstand Hold (Wall-Supported)","docs/input/ISOMETRIC-EXERCISES-CONTENT-DETAIL.md","numbered isometric content entries","reference-content-record","reference-exercise","reference-only","section-derived","isometric","time/hold described in content","seconds/minutes where stated","unknown","none directly","benefits|metric|recommended|instructions|cues|mistakes|safety","candidate-handstand-hold-wall-supported","reference-only","docs/input/ISOMETRIC-EXERCISES-CONTENT-DETAIL.md:577","No runtime import; left/right concepts are sometimes expanded into separate JSON records."
"FIT-LEG-0181","unknown","Reverse Snow Angel Hold","docs/input/ISOMETRIC-EXERCISES-CONTENT-DETAIL.md","numbered isometric content entries","reference-content-record","reference-exercise","reference-only","section-derived","isometric","time/hold described in content","seconds/minutes where stated","unknown","none directly","benefits|metric|recommended|instructions|cues|mistakes|safety","candidate-reverse-snow-angel-hold","reference-only","docs/input/ISOMETRIC-EXERCISES-CONTENT-DETAIL.md:600","No runtime import; left/right concepts are sometimes expanded into separate JSON records."
"FIT-LEG-0182","unknown","Overhead Arm Hold","docs/input/ISOMETRIC-EXERCISES-CONTENT-DETAIL.md","numbered isometric content entries","reference-content-record","reference-exercise","reference-only","section-derived","isometric","time/hold described in content","seconds/minutes where stated","unknown","none directly","benefits|metric|recommended|instructions|cues|mistakes|safety","candidate-overhead-arm-hold","reference-only","docs/input/ISOMETRIC-EXERCISES-CONTENT-DETAIL.md:622","No runtime import; left/right concepts are sometimes expanded into separate JSON records."
"FIT-LEG-0183","unknown","Bear Hold","docs/input/ISOMETRIC-EXERCISES-CONTENT-DETAIL.md","numbered isometric content entries","reference-content-record","reference-exercise","reference-only","section-derived","isometric","time/hold described in content","seconds/minutes where stated","unknown","none directly","benefits|metric|recommended|instructions|cues|mistakes|safety","candidate-bear-hold","reference-only","docs/input/ISOMETRIC-EXERCISES-CONTENT-DETAIL.md:646","No runtime import; left/right concepts are sometimes expanded into separate JSON records."
"FIT-LEG-0184","unknown","Crab Hold","docs/input/ISOMETRIC-EXERCISES-CONTENT-DETAIL.md","numbered isometric content entries","reference-content-record","reference-exercise","reference-only","section-derived","isometric","time/hold described in content","seconds/minutes where stated","unknown","none directly","benefits|metric|recommended|instructions|cues|mistakes|safety","candidate-crab-hold","reference-only","docs/input/ISOMETRIC-EXERCISES-CONTENT-DETAIL.md:668","No runtime import; left/right concepts are sometimes expanded into separate JSON records."
"FIT-LEG-0185","unknown","Low Squat Hold (Malasana Hold)","docs/input/ISOMETRIC-EXERCISES-CONTENT-DETAIL.md","numbered isometric content entries","reference-content-record","reference-exercise","reference-only","section-derived","isometric","time/hold described in content","seconds/minutes where stated","unknown","none directly","benefits|metric|recommended|instructions|cues|mistakes|safety","unknown","reference-only","docs/input/ISOMETRIC-EXERCISES-CONTENT-DETAIL.md:690","No runtime import; left/right concepts are sometimes expanded into separate JSON records."
"FIT-LEG-0186","running","Running","scripts/seedAppData.ts","exerciseInterests","fitness-interest-option","fitness-interest","seed-only","fitness-interest","unknown","selection","none","indirect recommendation/profile metadata","not an exercise log definition","name|icon(🏃)","candidate-running","seed-only","scripts/seedAppData.ts:175","Selectable vocabulary; not a CatalogExercise record."
"FIT-LEG-0187","walking","Walking","scripts/seedAppData.ts","exerciseInterests","fitness-interest-option","fitness-interest","seed-only","fitness-interest","unknown","selection","none","indirect recommendation/profile metadata","not an exercise log definition","name|icon(🚶)","candidate-walking","seed-only","scripts/seedAppData.ts:176","Selectable vocabulary; not a CatalogExercise record."
"FIT-LEG-0188","gym-weightlifting","Gym/Weightlifting","scripts/seedAppData.ts","exerciseInterests","fitness-interest-option","fitness-interest","seed-only","fitness-interest","unknown","selection","none","indirect recommendation/profile metadata","not an exercise log definition","name|icon(💪)","candidate-gym-weightlifting","seed-only","scripts/seedAppData.ts:177","Selectable vocabulary; not a CatalogExercise record."
"FIT-LEG-0189","home-workouts","Home Workouts","scripts/seedAppData.ts","exerciseInterests","fitness-interest-option","fitness-interest","seed-only","fitness-interest","unknown","selection","none","indirect recommendation/profile metadata","not an exercise log definition","name|icon(🏠)","candidate-home-workouts","seed-only","scripts/seedAppData.ts:178","Selectable vocabulary; not a CatalogExercise record."
"FIT-LEG-0190","yoga","Yoga","scripts/seedAppData.ts","exerciseInterests","fitness-interest-option","fitness-interest","seed-only","fitness-interest","unknown","selection","none","indirect recommendation/profile metadata","not an exercise log definition","name|icon(🧘)","candidate-yoga","seed-only","scripts/seedAppData.ts:179","Selectable vocabulary; not a CatalogExercise record."
"FIT-LEG-0191","swimming","Swimming","scripts/seedAppData.ts","exerciseInterests","fitness-interest-option","fitness-interest","seed-only","fitness-interest","unknown","selection","none","indirect recommendation/profile metadata","not an exercise log definition","name|icon(🏊)","candidate-swimming","seed-only","scripts/seedAppData.ts:180","Selectable vocabulary; not a CatalogExercise record."
"FIT-LEG-0192","cycling","Cycling","scripts/seedAppData.ts","exerciseInterests","fitness-interest-option","fitness-interest","seed-only","fitness-interest","unknown","selection","none","indirect recommendation/profile metadata","not an exercise log definition","name|icon(🚴)","candidate-cycling","seed-only","scripts/seedAppData.ts:181","Selectable vocabulary; not a CatalogExercise record."
"FIT-LEG-0193","football","Football (Soccer)","scripts/seedAppData.ts","exerciseInterests","fitness-interest-option","fitness-interest","seed-only","fitness-interest","unknown","selection","none","indirect recommendation/profile metadata","not an exercise log definition","name|icon(⚽)","candidate-football-soccer","seed-only","scripts/seedAppData.ts:182","Selectable vocabulary; not a CatalogExercise record."
"FIT-LEG-0194","hiking","Hiking","scripts/seedAppData.ts","exerciseInterests","fitness-interest-option","fitness-interest","seed-only","fitness-interest","unknown","selection","none","indirect recommendation/profile metadata","not an exercise log definition","name|icon(⛰️)","candidate-hiking","seed-only","scripts/seedAppData.ts:183","Selectable vocabulary; not a CatalogExercise record."
"FIT-LEG-0195","group-fitness","Group Fitness Classes","scripts/seedAppData.ts","exerciseInterests","fitness-interest-option","fitness-interest","seed-only","fitness-interest","unknown","selection","none","indirect recommendation/profile metadata","not an exercise log definition","name|icon(👥)","candidate-group-fitness","seed-only","scripts/seedAppData.ts:184","Selectable vocabulary; not a CatalogExercise record."
"FIT-LEG-0196","hiit","HIIT/Circuit Training","scripts/seedAppData.ts","exerciseInterests","fitness-interest-option","fitness-interest","seed-only","fitness-interest","unknown","selection","none","indirect recommendation/profile metadata","not an exercise log definition","name|icon(⚡)","candidate-hiit-circuit","seed-only","scripts/seedAppData.ts:185","Selectable vocabulary; not a CatalogExercise record."
"FIT-LEG-0197","pilates","Pilates","scripts/seedAppData.ts","exerciseInterests","fitness-interest-option","fitness-interest","seed-only","fitness-interest","unknown","selection","none","indirect recommendation/profile metadata","not an exercise log definition","name|icon(🤸)","candidate-pilates","seed-only","scripts/seedAppData.ts:186","Selectable vocabulary; not a CatalogExercise record."
"FIT-LEG-0198","dancing","Dancing","scripts/seedAppData.ts","exerciseInterests","fitness-interest-option","fitness-interest","seed-only","fitness-interest","unknown","selection","none","indirect recommendation/profile metadata","not an exercise log definition","name|icon(💃)","candidate-dance","seed-only","scripts/seedAppData.ts:187","Selectable vocabulary; not a CatalogExercise record."
"FIT-LEG-0199","stretching","Stretching/Mobility","scripts/seedAppData.ts","exerciseInterests","fitness-interest-option","fitness-interest","seed-only","fitness-interest","unknown","selection","none","indirect recommendation/profile metadata","not an exercise log definition","name|icon(🙆)","candidate-mobility-stretching","seed-only","scripts/seedAppData.ts:188","Selectable vocabulary; not a CatalogExercise record."
"FIT-LEG-0200","other","Other","scripts/seedAppData.ts","exerciseInterests","fitness-interest-option","fitness-interest","seed-only","fitness-interest","unknown","selection","none","indirect recommendation/profile metadata","not an exercise log definition","name|icon(✍️)","candidate-other","seed-only","scripts/seedAppData.ts:189","Selectable vocabulary; not a CatalogExercise record."
"FIT-LEG-0201","running","Running","scripts/seedBaselineData.ts","exerciseInterests","fitness-interest-option","fitness-interest","seed-only","fitness-interest","unknown","selection","none","indirect recommendation/profile metadata","not an exercise log definition","name|icon(🏃)","candidate-running","seed-only","scripts/seedBaselineData.ts:36","Selectable vocabulary; not a CatalogExercise record."
"FIT-LEG-0202","walking","Walking","scripts/seedBaselineData.ts","exerciseInterests","fitness-interest-option","fitness-interest","seed-only","fitness-interest","unknown","selection","none","indirect recommendation/profile metadata","not an exercise log definition","name|icon(🚶)","candidate-walking","seed-only","scripts/seedBaselineData.ts:37","Selectable vocabulary; not a CatalogExercise record."
"FIT-LEG-0203","gym-weightlifting","Gym/Weightlifting","scripts/seedBaselineData.ts","exerciseInterests","fitness-interest-option","fitness-interest","seed-only","fitness-interest","unknown","selection","none","indirect recommendation/profile metadata","not an exercise log definition","name|icon(💪)","candidate-gym-weightlifting","seed-only","scripts/seedBaselineData.ts:38","Selectable vocabulary; not a CatalogExercise record."
"FIT-LEG-0204","home-workouts","Home Workouts","scripts/seedBaselineData.ts","exerciseInterests","fitness-interest-option","fitness-interest","seed-only","fitness-interest","unknown","selection","none","indirect recommendation/profile metadata","not an exercise log definition","name|icon(🏠)","candidate-home-workouts","seed-only","scripts/seedBaselineData.ts:39","Selectable vocabulary; not a CatalogExercise record."
"FIT-LEG-0205","yoga","Yoga","scripts/seedBaselineData.ts","exerciseInterests","fitness-interest-option","fitness-interest","seed-only","fitness-interest","unknown","selection","none","indirect recommendation/profile metadata","not an exercise log definition","name|icon(🧘)","candidate-yoga","seed-only","scripts/seedBaselineData.ts:40","Selectable vocabulary; not a CatalogExercise record."
"FIT-LEG-0206","swimming","Swimming","scripts/seedBaselineData.ts","exerciseInterests","fitness-interest-option","fitness-interest","seed-only","fitness-interest","unknown","selection","none","indirect recommendation/profile metadata","not an exercise log definition","name|icon(🏊)","candidate-swimming","seed-only","scripts/seedBaselineData.ts:41","Selectable vocabulary; not a CatalogExercise record."
"FIT-LEG-0207","cycling","Cycling","scripts/seedBaselineData.ts","exerciseInterests","fitness-interest-option","fitness-interest","seed-only","fitness-interest","unknown","selection","none","indirect recommendation/profile metadata","not an exercise log definition","name|icon(🚴)","candidate-cycling","seed-only","scripts/seedBaselineData.ts:42","Selectable vocabulary; not a CatalogExercise record."
"FIT-LEG-0208","football","Football (Soccer)","scripts/seedBaselineData.ts","exerciseInterests","fitness-interest-option","fitness-interest","seed-only","fitness-interest","unknown","selection","none","indirect recommendation/profile metadata","not an exercise log definition","name|icon(⚽)","candidate-football-soccer","seed-only","scripts/seedBaselineData.ts:43","Selectable vocabulary; not a CatalogExercise record."
"FIT-LEG-0209","hiking","Hiking","scripts/seedBaselineData.ts","exerciseInterests","fitness-interest-option","fitness-interest","seed-only","fitness-interest","unknown","selection","none","indirect recommendation/profile metadata","not an exercise log definition","name|icon(⛰️)","candidate-hiking","seed-only","scripts/seedBaselineData.ts:44","Selectable vocabulary; not a CatalogExercise record."
"FIT-LEG-0210","group-fitness","Group Fitness Classes","scripts/seedBaselineData.ts","exerciseInterests","fitness-interest-option","fitness-interest","seed-only","fitness-interest","unknown","selection","none","indirect recommendation/profile metadata","not an exercise log definition","name|icon(👥)","candidate-group-fitness","seed-only","scripts/seedBaselineData.ts:45","Selectable vocabulary; not a CatalogExercise record."
"FIT-LEG-0211","hiit","HIIT/Circuit Training","scripts/seedBaselineData.ts","exerciseInterests","fitness-interest-option","fitness-interest","seed-only","fitness-interest","unknown","selection","none","indirect recommendation/profile metadata","not an exercise log definition","name|icon(⚡)","candidate-hiit-circuit","seed-only","scripts/seedBaselineData.ts:46","Selectable vocabulary; not a CatalogExercise record."
"FIT-LEG-0212","pilates","Pilates","scripts/seedBaselineData.ts","exerciseInterests","fitness-interest-option","fitness-interest","seed-only","fitness-interest","unknown","selection","none","indirect recommendation/profile metadata","not an exercise log definition","name|icon(🤸)","candidate-pilates","seed-only","scripts/seedBaselineData.ts:47","Selectable vocabulary; not a CatalogExercise record."
"FIT-LEG-0213","dancing","Dancing","scripts/seedBaselineData.ts","exerciseInterests","fitness-interest-option","fitness-interest","seed-only","fitness-interest","unknown","selection","none","indirect recommendation/profile metadata","not an exercise log definition","name|icon(💃)","candidate-dance","seed-only","scripts/seedBaselineData.ts:48","Selectable vocabulary; not a CatalogExercise record."
"FIT-LEG-0214","stretching","Stretching/Mobility","scripts/seedBaselineData.ts","exerciseInterests","fitness-interest-option","fitness-interest","seed-only","fitness-interest","unknown","selection","none","indirect recommendation/profile metadata","not an exercise log definition","name|icon(🙆)","candidate-mobility-stretching","seed-only","scripts/seedBaselineData.ts:49","Selectable vocabulary; not a CatalogExercise record."
"FIT-LEG-0215","other","Other","scripts/seedBaselineData.ts","exerciseInterests","fitness-interest-option","fitness-interest","seed-only","fitness-interest","unknown","selection","none","indirect recommendation/profile metadata","not an exercise log definition","name|icon(✍️)","candidate-other","seed-only","scripts/seedBaselineData.ts:50","Selectable vocabulary; not a CatalogExercise record."
"FIT-LEG-0216","running","Running","src/features/Profile/ProfileInterestsScreen.tsx","exerciseOptions","fitness-interest-option","fitness-interest","active","fitness-interest","unknown","selection","none","indirect recommendation/profile metadata","not an exercise log definition","name|icon(🏃)","candidate-running","active-direct","src/features/Profile/ProfileInterestsScreen.tsx:12","Selectable vocabulary; not a CatalogExercise record."
"FIT-LEG-0217","walking","Walking","src/features/Profile/ProfileInterestsScreen.tsx","exerciseOptions","fitness-interest-option","fitness-interest","active","fitness-interest","unknown","selection","none","indirect recommendation/profile metadata","not an exercise log definition","name|icon(🚶)","candidate-walking","active-direct","src/features/Profile/ProfileInterestsScreen.tsx:13","Selectable vocabulary; not a CatalogExercise record."
"FIT-LEG-0218","gym-weightlifting","Gym / Weightlifting","src/features/Profile/ProfileInterestsScreen.tsx","exerciseOptions","fitness-interest-option","fitness-interest","active","fitness-interest","unknown","selection","none","indirect recommendation/profile metadata","not an exercise log definition","name|icon(💪)","candidate-gym-weightlifting","active-direct","src/features/Profile/ProfileInterestsScreen.tsx:14","Selectable vocabulary; not a CatalogExercise record."
"FIT-LEG-0219","home-workouts","Home Workouts","src/features/Profile/ProfileInterestsScreen.tsx","exerciseOptions","fitness-interest-option","fitness-interest","active","fitness-interest","unknown","selection","none","indirect recommendation/profile metadata","not an exercise log definition","name|icon(🏠)","candidate-home-workouts","active-direct","src/features/Profile/ProfileInterestsScreen.tsx:15","Selectable vocabulary; not a CatalogExercise record."
"FIT-LEG-0220","yoga","Yoga","src/features/Profile/ProfileInterestsScreen.tsx","exerciseOptions","fitness-interest-option","fitness-interest","active","fitness-interest","unknown","selection","none","indirect recommendation/profile metadata","not an exercise log definition","name|icon(🧘)","candidate-yoga","active-direct","src/features/Profile/ProfileInterestsScreen.tsx:16","Selectable vocabulary; not a CatalogExercise record."
"FIT-LEG-0221","swimming","Swimming","src/features/Profile/ProfileInterestsScreen.tsx","exerciseOptions","fitness-interest-option","fitness-interest","active","fitness-interest","unknown","selection","none","indirect recommendation/profile metadata","not an exercise log definition","name|icon(🏊)","candidate-swimming","active-direct","src/features/Profile/ProfileInterestsScreen.tsx:17","Selectable vocabulary; not a CatalogExercise record."
"FIT-LEG-0222","cycling","Cycling","src/features/Profile/ProfileInterestsScreen.tsx","exerciseOptions","fitness-interest-option","fitness-interest","active","fitness-interest","unknown","selection","none","indirect recommendation/profile metadata","not an exercise log definition","name|icon(🚴)","candidate-cycling","active-direct","src/features/Profile/ProfileInterestsScreen.tsx:18","Selectable vocabulary; not a CatalogExercise record."
"FIT-LEG-0223","football","Football (Soccer)","src/features/Profile/ProfileInterestsScreen.tsx","exerciseOptions","fitness-interest-option","fitness-interest","active","fitness-interest","unknown","selection","none","indirect recommendation/profile metadata","not an exercise log definition","name|icon(⚽)","candidate-football-soccer","active-direct","src/features/Profile/ProfileInterestsScreen.tsx:19","Selectable vocabulary; not a CatalogExercise record."
"FIT-LEG-0224","basketball","Basketball","src/features/Profile/ProfileInterestsScreen.tsx","exerciseOptions","fitness-interest-option","fitness-interest","active","fitness-interest","unknown","selection","none","indirect recommendation/profile metadata","not an exercise log definition","name|icon(🏀)","candidate-basketball","active-direct","src/features/Profile/ProfileInterestsScreen.tsx:20","Selectable vocabulary; not a CatalogExercise record."
"FIT-LEG-0225","hiking","Hiking","src/features/Profile/ProfileInterestsScreen.tsx","exerciseOptions","fitness-interest-option","fitness-interest","active","fitness-interest","unknown","selection","none","indirect recommendation/profile metadata","not an exercise log definition","name|icon(⛰️)","candidate-hiking","active-direct","src/features/Profile/ProfileInterestsScreen.tsx:21","Selectable vocabulary; not a CatalogExercise record."
"FIT-LEG-0226","group-fitness","Group Fitness Classes","src/features/Profile/ProfileInterestsScreen.tsx","exerciseOptions","fitness-interest-option","fitness-interest","active","fitness-interest","unknown","selection","none","indirect recommendation/profile metadata","not an exercise log definition","name|icon(👥)","candidate-group-fitness","active-direct","src/features/Profile/ProfileInterestsScreen.tsx:22","Selectable vocabulary; not a CatalogExercise record."
"FIT-LEG-0227","hiit-circuit","HIIT / Circuit Training","src/features/Profile/ProfileInterestsScreen.tsx","exerciseOptions","fitness-interest-option","fitness-interest","active","fitness-interest","unknown","selection","none","indirect recommendation/profile metadata","not an exercise log definition","name|icon(⚡)","candidate-hiit-circuit","active-direct","src/features/Profile/ProfileInterestsScreen.tsx:23","Selectable vocabulary; not a CatalogExercise record."
"FIT-LEG-0228","pilates","Pilates","src/features/Profile/ProfileInterestsScreen.tsx","exerciseOptions","fitness-interest-option","fitness-interest","active","fitness-interest","unknown","selection","none","indirect recommendation/profile metadata","not an exercise log definition","name|icon(🤸)","candidate-pilates","active-direct","src/features/Profile/ProfileInterestsScreen.tsx:24","Selectable vocabulary; not a CatalogExercise record."
"FIT-LEG-0229","dancing","Dancing","src/features/Profile/ProfileInterestsScreen.tsx","exerciseOptions","fitness-interest-option","fitness-interest","active","fitness-interest","unknown","selection","none","indirect recommendation/profile metadata","not an exercise log definition","name|icon(💃)","candidate-dance","active-direct","src/features/Profile/ProfileInterestsScreen.tsx:25","Selectable vocabulary; not a CatalogExercise record."
"FIT-LEG-0230","martial-arts","Martial Arts / Boxing","src/features/Profile/ProfileInterestsScreen.tsx","exerciseOptions","fitness-interest-option","fitness-interest","active","fitness-interest","unknown","selection","none","indirect recommendation/profile metadata","not an exercise log definition","name|icon(🥊)","candidate-martial-arts-boxing","active-direct","src/features/Profile/ProfileInterestsScreen.tsx:26","Selectable vocabulary; not a CatalogExercise record."
"FIT-LEG-0231","jump-rope","Jump Rope / Skipping","src/features/Profile/ProfileInterestsScreen.tsx","exerciseOptions","fitness-interest-option","fitness-interest","active","fitness-interest","unknown","selection","none","indirect recommendation/profile metadata","not an exercise log definition","name|icon(🪢)","candidate-jump-rope","active-direct","src/features/Profile/ProfileInterestsScreen.tsx:27","Selectable vocabulary; not a CatalogExercise record."
"FIT-LEG-0232","badminton","Badminton","src/features/Profile/ProfileInterestsScreen.tsx","exerciseOptions","fitness-interest-option","fitness-interest","active","fitness-interest","unknown","selection","none","indirect recommendation/profile metadata","not an exercise log definition","name|icon(🏸)","candidate-badminton","active-direct","src/features/Profile/ProfileInterestsScreen.tsx:28","Selectable vocabulary; not a CatalogExercise record."
"FIT-LEG-0233","stretching-mobility","Stretching / Mobility","src/features/Profile/ProfileInterestsScreen.tsx","exerciseOptions","fitness-interest-option","fitness-interest","active","fitness-interest","unknown","selection","none","indirect recommendation/profile metadata","not an exercise log definition","name|icon(🙆)","candidate-mobility-stretching","active-direct","src/features/Profile/ProfileInterestsScreen.tsx:29","Selectable vocabulary; not a CatalogExercise record."
"FIT-LEG-0234","other","Other","src/features/Profile/ProfileInterestsScreen.tsx","exerciseOptions","fitness-interest-option","fitness-interest","active","fitness-interest","unknown","selection","none","indirect recommendation/profile metadata","not an exercise log definition","name|icon(✍️)","candidate-other","active-direct","src/features/Profile/ProfileInterestsScreen.tsx:30","Selectable vocabulary; not a CatalogExercise record."
"FIT-LEG-0235","running","Running","src/features/Profile/EditProfileScreen.tsx","exerciseOptions","fitness-interest-option","fitness-interest","active","fitness-interest","unknown","selection","none","indirect recommendation/profile metadata","not an exercise log definition","name|icon(🏃)","candidate-running","active-direct","src/features/Profile/EditProfileScreen.tsx:13","Selectable vocabulary; not a CatalogExercise record."
"FIT-LEG-0236","walking","Walking","src/features/Profile/EditProfileScreen.tsx","exerciseOptions","fitness-interest-option","fitness-interest","active","fitness-interest","unknown","selection","none","indirect recommendation/profile metadata","not an exercise log definition","name|icon(🚶)","candidate-walking","active-direct","src/features/Profile/EditProfileScreen.tsx:14","Selectable vocabulary; not a CatalogExercise record."
"FIT-LEG-0237","gym-weightlifting","Gym / Weightlifting","src/features/Profile/EditProfileScreen.tsx","exerciseOptions","fitness-interest-option","fitness-interest","active","fitness-interest","unknown","selection","none","indirect recommendation/profile metadata","not an exercise log definition","name|icon(💪)","candidate-gym-weightlifting","active-direct","src/features/Profile/EditProfileScreen.tsx:15","Selectable vocabulary; not a CatalogExercise record."
"FIT-LEG-0238","home-workouts","Home Workouts","src/features/Profile/EditProfileScreen.tsx","exerciseOptions","fitness-interest-option","fitness-interest","active","fitness-interest","unknown","selection","none","indirect recommendation/profile metadata","not an exercise log definition","name|icon(🏠)","candidate-home-workouts","active-direct","src/features/Profile/EditProfileScreen.tsx:16","Selectable vocabulary; not a CatalogExercise record."
"FIT-LEG-0239","yoga","Yoga","src/features/Profile/EditProfileScreen.tsx","exerciseOptions","fitness-interest-option","fitness-interest","active","fitness-interest","unknown","selection","none","indirect recommendation/profile metadata","not an exercise log definition","name|icon(🧘)","candidate-yoga","active-direct","src/features/Profile/EditProfileScreen.tsx:17","Selectable vocabulary; not a CatalogExercise record."
"FIT-LEG-0240","swimming","Swimming","src/features/Profile/EditProfileScreen.tsx","exerciseOptions","fitness-interest-option","fitness-interest","active","fitness-interest","unknown","selection","none","indirect recommendation/profile metadata","not an exercise log definition","name|icon(🏊)","candidate-swimming","active-direct","src/features/Profile/EditProfileScreen.tsx:18","Selectable vocabulary; not a CatalogExercise record."
"FIT-LEG-0241","cycling","Cycling","src/features/Profile/EditProfileScreen.tsx","exerciseOptions","fitness-interest-option","fitness-interest","active","fitness-interest","unknown","selection","none","indirect recommendation/profile metadata","not an exercise log definition","name|icon(🚴)","candidate-cycling","active-direct","src/features/Profile/EditProfileScreen.tsx:19","Selectable vocabulary; not a CatalogExercise record."
"FIT-LEG-0242","football","Football (Soccer)","src/features/Profile/EditProfileScreen.tsx","exerciseOptions","fitness-interest-option","fitness-interest","active","fitness-interest","unknown","selection","none","indirect recommendation/profile metadata","not an exercise log definition","name|icon(⚽)","candidate-football-soccer","active-direct","src/features/Profile/EditProfileScreen.tsx:20","Selectable vocabulary; not a CatalogExercise record."
"FIT-LEG-0243","basketball","Basketball","src/features/Profile/EditProfileScreen.tsx","exerciseOptions","fitness-interest-option","fitness-interest","active","fitness-interest","unknown","selection","none","indirect recommendation/profile metadata","not an exercise log definition","name|icon(🏀)","candidate-basketball","active-direct","src/features/Profile/EditProfileScreen.tsx:21","Selectable vocabulary; not a CatalogExercise record."
"FIT-LEG-0244","hiking","Hiking","src/features/Profile/EditProfileScreen.tsx","exerciseOptions","fitness-interest-option","fitness-interest","active","fitness-interest","unknown","selection","none","indirect recommendation/profile metadata","not an exercise log definition","name|icon(⛰️)","candidate-hiking","active-direct","src/features/Profile/EditProfileScreen.tsx:22","Selectable vocabulary; not a CatalogExercise record."
"FIT-LEG-0245","group-fitness","Group Fitness Classes","src/features/Profile/EditProfileScreen.tsx","exerciseOptions","fitness-interest-option","fitness-interest","active","fitness-interest","unknown","selection","none","indirect recommendation/profile metadata","not an exercise log definition","name|icon(👥)","candidate-group-fitness","active-direct","src/features/Profile/EditProfileScreen.tsx:23","Selectable vocabulary; not a CatalogExercise record."
"FIT-LEG-0246","hiit-circuit","HIIT / Circuit Training","src/features/Profile/EditProfileScreen.tsx","exerciseOptions","fitness-interest-option","fitness-interest","active","fitness-interest","unknown","selection","none","indirect recommendation/profile metadata","not an exercise log definition","name|icon(⚡)","candidate-hiit-circuit","active-direct","src/features/Profile/EditProfileScreen.tsx:24","Selectable vocabulary; not a CatalogExercise record."
"FIT-LEG-0247","pilates","Pilates","src/features/Profile/EditProfileScreen.tsx","exerciseOptions","fitness-interest-option","fitness-interest","active","fitness-interest","unknown","selection","none","indirect recommendation/profile metadata","not an exercise log definition","name|icon(🤸)","candidate-pilates","active-direct","src/features/Profile/EditProfileScreen.tsx:25","Selectable vocabulary; not a CatalogExercise record."
"FIT-LEG-0248","dancing","Dancing","src/features/Profile/EditProfileScreen.tsx","exerciseOptions","fitness-interest-option","fitness-interest","active","fitness-interest","unknown","selection","none","indirect recommendation/profile metadata","not an exercise log definition","name|icon(💃)","candidate-dance","active-direct","src/features/Profile/EditProfileScreen.tsx:26","Selectable vocabulary; not a CatalogExercise record."
"FIT-LEG-0249","martial-arts","Martial Arts / Boxing","src/features/Profile/EditProfileScreen.tsx","exerciseOptions","fitness-interest-option","fitness-interest","active","fitness-interest","unknown","selection","none","indirect recommendation/profile metadata","not an exercise log definition","name|icon(🥊)","candidate-martial-arts-boxing","active-direct","src/features/Profile/EditProfileScreen.tsx:27","Selectable vocabulary; not a CatalogExercise record."
"FIT-LEG-0250","jump-rope","Jump Rope / Skipping","src/features/Profile/EditProfileScreen.tsx","exerciseOptions","fitness-interest-option","fitness-interest","active","fitness-interest","unknown","selection","none","indirect recommendation/profile metadata","not an exercise log definition","name|icon(🪢)","candidate-jump-rope","active-direct","src/features/Profile/EditProfileScreen.tsx:28","Selectable vocabulary; not a CatalogExercise record."
"FIT-LEG-0251","badminton","Badminton","src/features/Profile/EditProfileScreen.tsx","exerciseOptions","fitness-interest-option","fitness-interest","active","fitness-interest","unknown","selection","none","indirect recommendation/profile metadata","not an exercise log definition","name|icon(🏸)","candidate-badminton","active-direct","src/features/Profile/EditProfileScreen.tsx:29","Selectable vocabulary; not a CatalogExercise record."
"FIT-LEG-0252","stretching-mobility","Stretching / Mobility","src/features/Profile/EditProfileScreen.tsx","exerciseOptions","fitness-interest-option","fitness-interest","active","fitness-interest","unknown","selection","none","indirect recommendation/profile metadata","not an exercise log definition","name|icon(🙆)","candidate-mobility-stretching","active-direct","src/features/Profile/EditProfileScreen.tsx:30","Selectable vocabulary; not a CatalogExercise record."
"FIT-LEG-0253","other","Other","src/features/Profile/EditProfileScreen.tsx","exerciseOptions","fitness-interest-option","fitness-interest","active","fitness-interest","unknown","selection","none","indirect recommendation/profile metadata","not an exercise log definition","name|icon(✍️)","candidate-other","active-direct","src/features/Profile/EditProfileScreen.tsx:31","Selectable vocabulary; not a CatalogExercise record."
"FIT-LEG-0254","running","Running","src/features/Groups/groupOptions.ts","ACTIVITY_OPTIONS","fitness-interest-option","fitness-interest","active","fitness-interest","unknown","selection","none","indirect recommendation/profile metadata","not an exercise log definition","name|icon(🏃)","candidate-running","active-direct","src/features/Groups/groupOptions.ts:46","Selectable vocabulary; not a CatalogExercise record."
"FIT-LEG-0255","walking","Walking","src/features/Groups/groupOptions.ts","ACTIVITY_OPTIONS","fitness-interest-option","fitness-interest","active","fitness-interest","unknown","selection","none","indirect recommendation/profile metadata","not an exercise log definition","name|icon(🚶)","candidate-walking","active-direct","src/features/Groups/groupOptions.ts:47","Selectable vocabulary; not a CatalogExercise record."
"FIT-LEG-0256","gym-weightlifting","Gym / Weightlifting","src/features/Groups/groupOptions.ts","ACTIVITY_OPTIONS","fitness-interest-option","fitness-interest","active","fitness-interest","unknown","selection","none","indirect recommendation/profile metadata","not an exercise log definition","name|icon(💪)","candidate-gym-weightlifting","active-direct","src/features/Groups/groupOptions.ts:48","Selectable vocabulary; not a CatalogExercise record."
"FIT-LEG-0257","home-workouts","Home Workouts","src/features/Groups/groupOptions.ts","ACTIVITY_OPTIONS","fitness-interest-option","fitness-interest","active","fitness-interest","unknown","selection","none","indirect recommendation/profile metadata","not an exercise log definition","name|icon(🏠)","candidate-home-workouts","active-direct","src/features/Groups/groupOptions.ts:49","Selectable vocabulary; not a CatalogExercise record."
"FIT-LEG-0258","yoga","Yoga","src/features/Groups/groupOptions.ts","ACTIVITY_OPTIONS","fitness-interest-option","fitness-interest","active","fitness-interest","unknown","selection","none","indirect recommendation/profile metadata","not an exercise log definition","name|icon(🧘)","candidate-yoga","active-direct","src/features/Groups/groupOptions.ts:50","Selectable vocabulary; not a CatalogExercise record."
"FIT-LEG-0259","swimming","Swimming","src/features/Groups/groupOptions.ts","ACTIVITY_OPTIONS","fitness-interest-option","fitness-interest","active","fitness-interest","unknown","selection","none","indirect recommendation/profile metadata","not an exercise log definition","name|icon(🏊)","candidate-swimming","active-direct","src/features/Groups/groupOptions.ts:51","Selectable vocabulary; not a CatalogExercise record."
"FIT-LEG-0260","cycling","Cycling","src/features/Groups/groupOptions.ts","ACTIVITY_OPTIONS","fitness-interest-option","fitness-interest","active","fitness-interest","unknown","selection","none","indirect recommendation/profile metadata","not an exercise log definition","name|icon(🚴)","candidate-cycling","active-direct","src/features/Groups/groupOptions.ts:52","Selectable vocabulary; not a CatalogExercise record."
"FIT-LEG-0261","football","Football (Soccer)","src/features/Groups/groupOptions.ts","ACTIVITY_OPTIONS","fitness-interest-option","fitness-interest","active","fitness-interest","unknown","selection","none","indirect recommendation/profile metadata","not an exercise log definition","name|icon(⚽)","candidate-football-soccer","active-direct","src/features/Groups/groupOptions.ts:53","Selectable vocabulary; not a CatalogExercise record."
"FIT-LEG-0262","basketball","Basketball","src/features/Groups/groupOptions.ts","ACTIVITY_OPTIONS","fitness-interest-option","fitness-interest","active","fitness-interest","unknown","selection","none","indirect recommendation/profile metadata","not an exercise log definition","name|icon(🏀)","candidate-basketball","active-direct","src/features/Groups/groupOptions.ts:54","Selectable vocabulary; not a CatalogExercise record."
"FIT-LEG-0263","hiking","Hiking","src/features/Groups/groupOptions.ts","ACTIVITY_OPTIONS","fitness-interest-option","fitness-interest","active","fitness-interest","unknown","selection","none","indirect recommendation/profile metadata","not an exercise log definition","name|icon(⛰️)","candidate-hiking","active-direct","src/features/Groups/groupOptions.ts:55","Selectable vocabulary; not a CatalogExercise record."
"FIT-LEG-0264","group-fitness","Group Fitness","src/features/Groups/groupOptions.ts","ACTIVITY_OPTIONS","fitness-interest-option","fitness-interest","active","fitness-interest","unknown","selection","none","indirect recommendation/profile metadata","not an exercise log definition","name|icon(👥)","candidate-group-fitness","active-direct","src/features/Groups/groupOptions.ts:56","Selectable vocabulary; not a CatalogExercise record."
"FIT-LEG-0265","hiit-circuit","HIIT / Circuit","src/features/Groups/groupOptions.ts","ACTIVITY_OPTIONS","fitness-interest-option","fitness-interest","active","fitness-interest","unknown","selection","none","indirect recommendation/profile metadata","not an exercise log definition","name|icon(⚡)","candidate-hiit-circuit","active-direct","src/features/Groups/groupOptions.ts:57","Selectable vocabulary; not a CatalogExercise record."
"FIT-LEG-0266","pilates","Pilates","src/features/Groups/groupOptions.ts","ACTIVITY_OPTIONS","fitness-interest-option","fitness-interest","active","fitness-interest","unknown","selection","none","indirect recommendation/profile metadata","not an exercise log definition","name|icon(🤸)","candidate-pilates","active-direct","src/features/Groups/groupOptions.ts:58","Selectable vocabulary; not a CatalogExercise record."
"FIT-LEG-0267","dancing","Dancing","src/features/Groups/groupOptions.ts","ACTIVITY_OPTIONS","fitness-interest-option","fitness-interest","active","fitness-interest","unknown","selection","none","indirect recommendation/profile metadata","not an exercise log definition","name|icon(💃)","candidate-dance","active-direct","src/features/Groups/groupOptions.ts:59","Selectable vocabulary; not a CatalogExercise record."
"FIT-LEG-0268","dance","Dance","src/features/Groups/groupOptions.ts","ACTIVITY_OPTIONS","fitness-interest-option","fitness-interest","active","fitness-interest","unknown","selection","none","indirect recommendation/profile metadata","not an exercise log definition","name|icon(💃)","candidate-dance","active-direct","src/features/Groups/groupOptions.ts:60","Selectable vocabulary; not a CatalogExercise record."
"FIT-LEG-0269","martial-arts","Martial Arts / Boxing","src/features/Groups/groupOptions.ts","ACTIVITY_OPTIONS","fitness-interest-option","fitness-interest","active","fitness-interest","unknown","selection","none","indirect recommendation/profile metadata","not an exercise log definition","name|icon(🥊)","candidate-martial-arts-boxing","active-direct","src/features/Groups/groupOptions.ts:61","Selectable vocabulary; not a CatalogExercise record."
"FIT-LEG-0270","jump-rope","Jump Rope","src/features/Groups/groupOptions.ts","ACTIVITY_OPTIONS","fitness-interest-option","fitness-interest","active","fitness-interest","unknown","selection","none","indirect recommendation/profile metadata","not an exercise log definition","name|icon(🪢)","candidate-jump-rope","active-direct","src/features/Groups/groupOptions.ts:62","Selectable vocabulary; not a CatalogExercise record."
"FIT-LEG-0271","stretching-mobility","Stretching / Mobility","src/features/Groups/groupOptions.ts","ACTIVITY_OPTIONS","fitness-interest-option","fitness-interest","active","fitness-interest","unknown","selection","none","indirect recommendation/profile metadata","not an exercise log definition","name|icon(🙆)","candidate-mobility-stretching","active-direct","src/features/Groups/groupOptions.ts:63","Selectable vocabulary; not a CatalogExercise record."
"FIT-LEG-0272","crossfit","CrossFit / HIIT","src/features/Groups/groupOptions.ts","ACTIVITY_OPTIONS","fitness-interest-option","fitness-interest","active","fitness-interest","unknown","selection","none","indirect recommendation/profile metadata","not an exercise log definition","name|icon(🔥)","candidate-hiit-circuit","active-direct","src/features/Groups/groupOptions.ts:64","Selectable vocabulary; not a CatalogExercise record."
"FIT-LEG-0273","tennis","Tennis / Racket","src/features/Groups/groupOptions.ts","ACTIVITY_OPTIONS","fitness-interest-option","fitness-interest","active","fitness-interest","unknown","selection","none","indirect recommendation/profile metadata","not an exercise log definition","name|icon(🎾)","unknown","active-direct","src/features/Groups/groupOptions.ts:65","Selectable vocabulary; not a CatalogExercise record."
"FIT-LEG-0274","outdoors","Outdoor Adventures","src/features/Groups/groupOptions.ts","ACTIVITY_OPTIONS","fitness-interest-option","fitness-interest","active","fitness-interest","unknown","selection","none","indirect recommendation/profile metadata","not an exercise log definition","name|icon(🌲)","unknown","active-direct","src/features/Groups/groupOptions.ts:66","Selectable vocabulary; not a CatalogExercise record."
"FIT-LEG-0275","sports-general","Team Sports","src/features/Groups/groupOptions.ts","ACTIVITY_OPTIONS","fitness-interest-option","fitness-interest","active","fitness-interest","unknown","selection","none","indirect recommendation/profile metadata","not an exercise log definition","name|icon(🏅)","unknown","active-direct","src/features/Groups/groupOptions.ts:67","Selectable vocabulary; not a CatalogExercise record."
"FIT-LEG-0276","other","Other","src/features/Groups/groupOptions.ts","ACTIVITY_OPTIONS","fitness-interest-option","fitness-interest","active","fitness-interest","unknown","selection","none","indirect recommendation/profile metadata","not an exercise log definition","name|icon(✍️)","candidate-other","active-direct","src/features/Groups/groupOptions.ts:68","Selectable vocabulary; not a CatalogExercise record."
"FIT-LEG-0277","pushups","Pushups","scripts/seedAppData.ts","getExercisePool() empty-catalog fallback","seed-fallback-record","exercise","seed-only","unknown","unknown","reps","reps","dynamic seed challenges","seed challenge/workout generation","id|name|unit","candidate-push-up","seed-only","scripts/seedAppData.ts:251","Used only when Firestore catalogExercises is empty during seedAppData execution."
"FIT-LEG-0278","squats","Squats","scripts/seedAppData.ts","getExercisePool() empty-catalog fallback","seed-fallback-record","exercise","seed-only","unknown","unknown","reps","reps","dynamic seed challenges","seed challenge/workout generation","id|name|unit","candidate-squat","seed-only","scripts/seedAppData.ts:252","Used only when Firestore catalogExercises is empty during seedAppData execution."
"FIT-LEG-0279","running","Running","scripts/seedAppData.ts","getExercisePool() empty-catalog fallback","seed-fallback-record","exercise","seed-only","unknown","unknown","time","minutes","dynamic seed challenges","seed challenge/workout generation","id|name|unit","candidate-running","seed-only","scripts/seedAppData.ts:253","Used only when Firestore catalogExercises is empty during seedAppData execution."
"FIT-LEG-0280","plank","Plank","scripts/seedAppData.ts","getExercisePool() empty-catalog fallback","seed-fallback-record","exercise","seed-only","unknown","unknown","time","seconds","dynamic seed challenges","seed challenge/workout generation","id|name|unit","candidate-plank-generic","seed-only","scripts/seedAppData.ts:254","Used only when Firestore catalogExercises is empty during seedAppData execution."
"FIT-LEG-0281","burpees","Burpees","scripts/seedAppData.ts","getExercisePool() empty-catalog fallback","seed-fallback-record","exercise","seed-only","unknown","unknown","reps","reps","dynamic seed challenges","seed challenge/workout generation","id|name|unit","candidate-burpees","seed-only","scripts/seedAppData.ts:255","Used only when Firestore catalogExercises is empty during seedAppData execution."
"FIT-LEG-0282","lunges","Lunges","scripts/seedAppData.ts","getExercisePool() empty-catalog fallback","seed-fallback-record","exercise","seed-only","unknown","unknown","reps","reps","dynamic seed challenges","seed challenge/workout generation","id|name|unit","candidate-lunges","seed-only","scripts/seedAppData.ts:256","Used only when Firestore catalogExercises is empty during seedAppData execution."
"FIT-LEG-0283","seed_template_collective_squats","Squat Squad 100","scripts/seedAppData.ts","challengeTemplates[]","template-record","challenge-template","seed-only/published","fitness","unknown","component-defined","component-defined","collective","launch preset if seeded to challengeTemplates","name|description|duration|difficulty|activities|publication metadata","unknown","seed-to-active-runtime","scripts/seedAppData.ts:901","Template entity, not an individual exercise."
"FIT-LEG-0284","seed_template_pushup_duel","30-Day Pushup Duel","scripts/seedAppData.ts","challengeTemplates[]","template-record","challenge-template","seed-only/published","fitness","unknown","component-defined","component-defined","competitive","launch preset if seeded to challengeTemplates","name|description|duration|difficulty|activities|publication metadata","unknown","seed-to-active-runtime","scripts/seedAppData.ts:919","Template entity, not an individual exercise."
"FIT-LEG-0285","seed_template_yoga_streak","30-Day Yoga Streak","scripts/seedAppData.ts","challengeTemplates[]","template-record","challenge-template","seed-only/published","fitness","unknown","component-defined","component-defined","streak","launch preset if seeded to challengeTemplates","name|description|duration|difficulty|activities|publication metadata","unknown","seed-to-active-runtime","scripts/seedAppData.ts:934","Template entity, not an individual exercise."
"FIT-LEG-0286","unknown","Squat","scripts/seedAppData.ts","challengeTemplates[].activities[]","template-activity","challenge-activity","seed-only","fitness/overlap","unknown","reps","reps","collective","copied through template prefill if resolvable","name|targetValue|unit","candidate-squat","seed-to-active-runtime","scripts/seedAppData.ts:910","No exerciseId; must resolve by name in wizard and can fail."
"FIT-LEG-0287","unknown","Plank","scripts/seedAppData.ts","challengeTemplates[].activities[]","template-activity","challenge-activity","seed-only","fitness/overlap","unknown","time","seconds","collective","copied through template prefill if resolvable","name|targetValue|unit","candidate-plank-generic","seed-to-active-runtime","scripts/seedAppData.ts:911","No exerciseId; must resolve by name in wizard and can fail."
"FIT-LEG-0288","unknown","Pushup","scripts/seedAppData.ts","challengeTemplates[].activities[]","template-activity","challenge-activity","seed-only","fitness/overlap","unknown","reps","reps","competitive","copied through template prefill if resolvable","name|targetValue|unit","candidate-push-up","seed-to-active-runtime","scripts/seedAppData.ts:927","No exerciseId; must resolve by name in wizard and can fail."
"FIT-LEG-0289","unknown","Yoga Session","scripts/seedAppData.ts","challengeTemplates[].activities[]","template-activity","challenge-activity","seed-only","fitness/overlap","unknown","time","minutes","streak","copied through template prefill if resolvable","name|targetValue|unit","candidate-yoga","seed-to-active-runtime","scripts/seedAppData.ts:942","No exerciseId; must resolve by name in wizard and can fail."
"FIT-LEG-0290","unknown","30-Day Core Blast","scripts/seedAppData.ts","buildChallenges.templates","challenge-preset","challenge-preset","seed-only/legacy-shape","fitness","unknown","dynamic from exercisePool","dynamic from exercisePool","collective","generates demo challenge/workout records","title|type|status|days","unknown","seed-only","scripts/seedAppData.ts:621","Activities are positionally selected from Firestore/fallback pool; generated challenges omit engineVersion."
"FIT-LEG-0291","unknown","Pushup Duel","scripts/seedAppData.ts","buildChallenges.templates","challenge-preset","challenge-preset","seed-only/legacy-shape","fitness","unknown","dynamic from exercisePool","dynamic from exercisePool","competitive","generates demo challenge/workout records","title|type|status|days","unknown","seed-only","scripts/seedAppData.ts:622","Activities are positionally selected from Firestore/fallback pool; generated challenges omit engineVersion."
"FIT-LEG-0292","unknown","Morning Streak","scripts/seedAppData.ts","buildChallenges.templates","challenge-preset","challenge-preset","seed-only/legacy-shape","fitness","unknown","dynamic from exercisePool","dynamic from exercisePool","streak","generates demo challenge/workout records","title|type|status|days","unknown","seed-only","scripts/seedAppData.ts:623","Activities are positionally selected from Firestore/fallback pool; generated challenges omit engineVersion."
"FIT-LEG-0293","movement-steps","Steps","src/data/wellnessActivitiesCatalog.ts","WELLNESS_ACTIVITIES_CATALOG movement records","wellness-overlap-record","wellness-activity","active-fallback","movement","steps","steps","steps","collective|competitive|streak","wellnessLogs, not workouts","full wellness activity content","candidate-steps","active-fallback","src/data/wellnessActivitiesCatalog.ts:unknown","defaultTargetValue=10000; overlaps fitness boundary."
"FIT-LEG-0294","movement-walking","Walking","src/data/wellnessActivitiesCatalog.ts","WELLNESS_ACTIVITIES_CATALOG movement records","wellness-overlap-record","wellness-activity","active-fallback","movement","walking","minutes","minutes","collective|competitive|streak","wellnessLogs, not workouts","full wellness activity content","candidate-walking","active-fallback","src/data/wellnessActivitiesCatalog.ts:unknown","defaultTargetValue=30; overlaps fitness boundary."
"FIT-LEG-0295","movement-walking-dist","Walking Distance","src/data/wellnessActivitiesCatalog.ts","WELLNESS_ACTIVITIES_CATALOG movement records","wellness-overlap-record","wellness-activity","active-fallback","movement","walking","km","km","collective|competitive|streak","wellnessLogs, not workouts","full wellness activity content","unknown","active-fallback","src/data/wellnessActivitiesCatalog.ts:unknown","defaultTargetValue=5; overlaps fitness boundary."
"FIT-LEG-0296","movement-running","Running / Jogging","src/data/wellnessActivitiesCatalog.ts","WELLNESS_ACTIVITIES_CATALOG movement records","wellness-overlap-record","wellness-activity","active-fallback","movement","walking","km","km","collective|competitive|streak","wellnessLogs, not workouts","full wellness activity content","candidate-running","active-fallback","src/data/wellnessActivitiesCatalog.ts:unknown","defaultTargetValue=3; overlaps fitness boundary."
"FIT-LEG-0297","movement-cycling","Cycling","src/data/wellnessActivitiesCatalog.ts","WELLNESS_ACTIVITIES_CATALOG movement records","wellness-overlap-record","wellness-activity","active-fallback","movement","walking","km","km","collective|competitive|streak","wellnessLogs, not workouts","full wellness activity content","candidate-cycling","active-fallback","src/data/wellnessActivitiesCatalog.ts:unknown","defaultTargetValue=10; overlaps fitness boundary."
"FIT-LEG-0298","movement-stretching","Stretching","src/data/wellnessActivitiesCatalog.ts","WELLNESS_ACTIVITIES_CATALOG movement records","wellness-overlap-record","wellness-activity","active-fallback","movement","walking","minutes","minutes","collective|competitive|streak","wellnessLogs, not workouts","full wellness activity content","candidate-mobility-stretching","active-fallback","src/data/wellnessActivitiesCatalog.ts:unknown","defaultTargetValue=10; overlaps fitness boundary."
"FIT-LEG-0299","movement-mobility","Mobility Routine","src/data/wellnessActivitiesCatalog.ts","WELLNESS_ACTIVITIES_CATALOG movement records","wellness-overlap-record","wellness-activity","active-fallback","movement","walking","minutes","minutes","collective|competitive|streak","wellnessLogs, not workouts","full wellness activity content","candidate-mobility-stretching","active-fallback","src/data/wellnessActivitiesCatalog.ts:unknown","defaultTargetValue=15; overlaps fitness boundary."
"FIT-LEG-0300","movement-yoga","Yoga","src/data/wellnessActivitiesCatalog.ts","WELLNESS_ACTIVITIES_CATALOG movement records","wellness-overlap-record","wellness-activity","active-fallback","movement","yoga","minutes","minutes","collective|competitive|streak","wellnessLogs, not workouts","full wellness activity content","candidate-yoga","active-fallback","src/data/wellnessActivitiesCatalog.ts:unknown","defaultTargetValue=20; overlaps fitness boundary."
"FIT-LEG-0301","reps","Reps","src/features/Challenges/components/ChallengeActivitySection.tsx","fitness unit <select> options","selectable-unit","metric-unit","active","fitness-metric","unit","unit selection","Reps","collective|competitive|streak","copied into challenge activity and workout log","label|value","candidate-reps","active-direct","src/features/Challenges/components/ChallengeActivitySection.tsx:243","Allows units independently of selected exercise metric."
"FIT-LEG-0302","seconds","Seconds","src/features/Challenges/components/ChallengeActivitySection.tsx","fitness unit <select> options","selectable-unit","metric-unit","active","fitness-metric","unit","unit selection","Seconds","collective|competitive|streak","copied into challenge activity and workout log","label|value","unknown","active-direct","src/features/Challenges/components/ChallengeActivitySection.tsx:244","Allows units independently of selected exercise metric."
"FIT-LEG-0303","minutes","Minutes","src/features/Challenges/components/ChallengeActivitySection.tsx","fitness unit <select> options","selectable-unit","metric-unit","active","fitness-metric","unit","unit selection","Minutes","collective|competitive|streak","copied into challenge activity and workout log","label|value","unknown","active-direct","src/features/Challenges/components/ChallengeActivitySection.tsx:245","Allows units independently of selected exercise metric."
"FIT-LEG-0304","km","Km","src/features/Challenges/components/ChallengeActivitySection.tsx","fitness unit <select> options","selectable-unit","metric-unit","active","fitness-metric","unit","unit selection","Km","collective|competitive|streak","copied into challenge activity and workout log","label|value","unknown","active-direct","src/features/Challenges/components/ChallengeActivitySection.tsx:246","Allows units independently of selected exercise metric."
"FIT-LEG-0305","kg","Kg","src/features/Challenges/components/ChallengeActivitySection.tsx","fitness unit <select> options","selectable-unit","metric-unit","active","fitness-metric","unit","unit selection","Kg","collective|competitive|streak","copied into challenge activity and workout log","label|value","unknown","active-direct","src/features/Challenges/components/ChallengeActivitySection.tsx:247","Allows units independently of selected exercise metric."
"FIT-LEG-0306","core","Core","src/services/catalogMetadata.ts","EXERCISE_TIER_1_OPTIONS","taxonomy-option","category","active","tier_1","unknown","selection","none","indirect","admin validation/filtering","label/value only","candidate-core","active-direct","src/services/catalogMetadata.ts:3","Taxonomy definition; not an exercise record."
"FIT-LEG-0307","upper-body","Upper Body","src/services/catalogMetadata.ts","EXERCISE_TIER_1_OPTIONS","taxonomy-option","category","active","tier_1","unknown","selection","none","indirect","admin validation/filtering","label/value only","candidate-upper-body","active-direct","src/services/catalogMetadata.ts:3","Taxonomy definition; not an exercise record."
"FIT-LEG-0308","lower-body","Lower Body","src/services/catalogMetadata.ts","EXERCISE_TIER_1_OPTIONS","taxonomy-option","category","active","tier_1","unknown","selection","none","indirect","admin validation/filtering","label/value only","candidate-lower-body","active-direct","src/services/catalogMetadata.ts:3","Taxonomy definition; not an exercise record."
"FIT-LEG-0309","full-body","Full Body","src/services/catalogMetadata.ts","EXERCISE_TIER_1_OPTIONS","taxonomy-option","category","active","tier_1","unknown","selection","none","indirect","admin validation/filtering","label/value only","candidate-full-body","active-direct","src/services/catalogMetadata.ts:3","Taxonomy definition; not an exercise record."
"FIT-LEG-0310","strength","Strength","src/services/catalogMetadata.ts","EXERCISE_TIER_2_OPTIONS","taxonomy-option","subcategory","active","tier_2","unknown","selection","none","indirect","admin validation/filtering","label/value only","candidate-strength","active-direct","src/services/catalogMetadata.ts:4","Taxonomy definition; not an exercise record."
"FIT-LEG-0311","cardio","Cardio","src/services/catalogMetadata.ts","EXERCISE_TIER_2_OPTIONS","taxonomy-option","subcategory","active","tier_2","unknown","selection","none","indirect","admin validation/filtering","label/value only","candidate-cardio","active-direct","src/services/catalogMetadata.ts:4","Taxonomy definition; not an exercise record."
"FIT-LEG-0312","balance","Balance","src/services/catalogMetadata.ts","EXERCISE_TIER_2_OPTIONS","taxonomy-option","subcategory","active","tier_2","unknown","selection","none","indirect","admin validation/filtering","label/value only","candidate-balance","active-direct","src/services/catalogMetadata.ts:4","Taxonomy definition; not an exercise record."
"FIT-LEG-0313","mobility","Mobility","src/services/catalogMetadata.ts","EXERCISE_TIER_2_OPTIONS","taxonomy-option","subcategory","active","tier_2","unknown","selection","none","indirect","admin validation/filtering","label/value only","candidate-mobility-stretching","active-direct","src/services/catalogMetadata.ts:4","Taxonomy definition; not an exercise record."
"FIT-LEG-0314","power","Power","src/services/catalogMetadata.ts","EXERCISE_TIER_2_OPTIONS","taxonomy-option","subcategory","active","tier_2","unknown","selection","none","indirect","admin validation/filtering","label/value only","candidate-power","active-direct","src/services/catalogMetadata.ts:4","Taxonomy definition; not an exercise record."
"FIT-LEG-0315","beginner","Beginner","src/services/catalogMetadata.ts","EXERCISE_DIFFICULTY_OPTIONS","taxonomy-option","difficulty","active","difficulty","unknown","selection","none","indirect","admin validation/filtering","label/value only","candidate-beginner","active-direct","src/services/catalogMetadata.ts:5","Taxonomy definition; not an exercise record."
"FIT-LEG-0316","intermediate","Intermediate","src/services/catalogMetadata.ts","EXERCISE_DIFFICULTY_OPTIONS","taxonomy-option","difficulty","active","difficulty","unknown","selection","none","indirect","admin validation/filtering","label/value only","candidate-intermediate","active-direct","src/services/catalogMetadata.ts:5","Taxonomy definition; not an exercise record."
"FIT-LEG-0317","advanced","Advanced","src/services/catalogMetadata.ts","EXERCISE_DIFFICULTY_OPTIONS","taxonomy-option","difficulty","active","difficulty","unknown","selection","none","indirect","admin validation/filtering","label/value only","candidate-advanced","active-direct","src/services/catalogMetadata.ts:5","Taxonomy definition; not an exercise record."
"FIT-LEG-0318","steps","steps","src/services/catalogMetadata.ts","WELLNESS_ACTIVITY_TYPE_OPTIONS","taxonomy-option","activity-type","active","wellness-overlap","unknown","selection","none","indirect","admin validation/filtering","label/value only","candidate-steps","active-direct","src/services/catalogMetadata.ts:23","Taxonomy definition; not an exercise record."
"FIT-LEG-0319","walking","walking","src/services/catalogMetadata.ts","WELLNESS_ACTIVITY_TYPE_OPTIONS","taxonomy-option","activity-type","active","wellness-overlap","unknown","selection","none","indirect","admin validation/filtering","label/value only","candidate-walking","active-direct","src/services/catalogMetadata.ts:24","Taxonomy definition; not an exercise record."
"FIT-LEG-0320","yoga","yoga","src/services/catalogMetadata.ts","WELLNESS_ACTIVITY_TYPE_OPTIONS","taxonomy-option","activity-type","active","wellness-overlap","unknown","selection","none","indirect","admin validation/filtering","label/value only","candidate-yoga","active-direct","src/services/catalogMetadata.ts:25","Taxonomy definition; not an exercise record."
"FIT-LEG-0321","fitness","fitness","src/services/catalogMetadata.ts","TEMPLATE_CATEGORY_OPTIONS","taxonomy-option","category","active","template","unknown","selection","none","indirect","admin validation/filtering","label/value only","unknown","active-direct","src/services/catalogMetadata.ts:37","Taxonomy definition; not an exercise record."
"FIT-LEG-0322","core","Core","src/features/Admin/Exercises/exerciseFormUtils.ts","tier1Options","taxonomy-option","category","active","tier_1","unknown","selection","none","indirect","admin validation/filtering","label/value only","candidate-core","active-direct","src/features/Admin/Exercises/exerciseFormUtils.ts:3","Taxonomy definition; not an exercise record."
"FIT-LEG-0323","upper-body","Upper Body","src/features/Admin/Exercises/exerciseFormUtils.ts","tier1Options","taxonomy-option","category","active","tier_1","unknown","selection","none","indirect","admin validation/filtering","label/value only","candidate-upper-body","active-direct","src/features/Admin/Exercises/exerciseFormUtils.ts:3","Taxonomy definition; not an exercise record."
"FIT-LEG-0324","lower-body","Lower Body","src/features/Admin/Exercises/exerciseFormUtils.ts","tier1Options","taxonomy-option","category","active","tier_1","unknown","selection","none","indirect","admin validation/filtering","label/value only","candidate-lower-body","active-direct","src/features/Admin/Exercises/exerciseFormUtils.ts:3","Taxonomy definition; not an exercise record."
"FIT-LEG-0325","full-body","Full Body","src/features/Admin/Exercises/exerciseFormUtils.ts","tier1Options","taxonomy-option","category","active","tier_1","unknown","selection","none","indirect","admin validation/filtering","label/value only","candidate-full-body","active-direct","src/features/Admin/Exercises/exerciseFormUtils.ts:3","Taxonomy definition; not an exercise record."
"FIT-LEG-0326","strength","Strength","src/features/Admin/Exercises/exerciseFormUtils.ts","tier2Options","taxonomy-option","subcategory","active","tier_2","unknown","selection","none","indirect","admin validation/filtering","label/value only","candidate-strength","active-direct","src/features/Admin/Exercises/exerciseFormUtils.ts:4","Taxonomy definition; not an exercise record."
"FIT-LEG-0327","cardio","Cardio","src/features/Admin/Exercises/exerciseFormUtils.ts","tier2Options","taxonomy-option","subcategory","active","tier_2","unknown","selection","none","indirect","admin validation/filtering","label/value only","candidate-cardio","active-direct","src/features/Admin/Exercises/exerciseFormUtils.ts:4","Taxonomy definition; not an exercise record."
"FIT-LEG-0328","balance","Balance","src/features/Admin/Exercises/exerciseFormUtils.ts","tier2Options","taxonomy-option","subcategory","active","tier_2","unknown","selection","none","indirect","admin validation/filtering","label/value only","candidate-balance","active-direct","src/features/Admin/Exercises/exerciseFormUtils.ts:4","Taxonomy definition; not an exercise record."
"FIT-LEG-0329","mobility","Mobility","src/features/Admin/Exercises/exerciseFormUtils.ts","tier2Options","taxonomy-option","subcategory","active","tier_2","unknown","selection","none","indirect","admin validation/filtering","label/value only","candidate-mobility-stretching","active-direct","src/features/Admin/Exercises/exerciseFormUtils.ts:4","Taxonomy definition; not an exercise record."
"FIT-LEG-0330","power","Power","src/features/Admin/Exercises/exerciseFormUtils.ts","tier2Options","taxonomy-option","subcategory","active","tier_2","unknown","selection","none","indirect","admin validation/filtering","label/value only","candidate-power","active-direct","src/features/Admin/Exercises/exerciseFormUtils.ts:4","Taxonomy definition; not an exercise record."
"FIT-LEG-0331","beginner","Beginner","src/features/Admin/Exercises/exerciseFormUtils.ts","difficultyOptions","taxonomy-option","difficulty","active","difficulty","unknown","selection","none","indirect","admin validation/filtering","label/value only","candidate-beginner","active-direct","src/features/Admin/Exercises/exerciseFormUtils.ts:5","Taxonomy definition; not an exercise record."
"FIT-LEG-0332","intermediate","Intermediate","src/features/Admin/Exercises/exerciseFormUtils.ts","difficultyOptions","taxonomy-option","difficulty","active","difficulty","unknown","selection","none","indirect","admin validation/filtering","label/value only","candidate-intermediate","active-direct","src/features/Admin/Exercises/exerciseFormUtils.ts:5","Taxonomy definition; not an exercise record."
"FIT-LEG-0333","advanced","Advanced","src/features/Admin/Exercises/exerciseFormUtils.ts","difficultyOptions","taxonomy-option","difficulty","active","difficulty","unknown","selection","none","indirect","admin validation/filtering","label/value only","candidate-advanced","active-direct","src/features/Admin/Exercises/exerciseFormUtils.ts:5","Taxonomy definition; not an exercise record."
"FIT-LEG-0334","reps","reps","src/features/Admin/Exercises/exerciseFormUtils.ts","metricTypeOptions","taxonomy-option","metric-type","active","metric","unknown","reps","none","indirect","admin validation/filtering","label/value only","candidate-reps","active-direct","src/features/Admin/Exercises/exerciseFormUtils.ts:6","Taxonomy definition; not an exercise record."
"FIT-LEG-0335","time","time","src/features/Admin/Exercises/exerciseFormUtils.ts","metricTypeOptions","taxonomy-option","metric-type","active","metric","unknown","time","none","indirect","admin validation/filtering","label/value only","unknown","active-direct","src/features/Admin/Exercises/exerciseFormUtils.ts:6","Taxonomy definition; not an exercise record."
"FIT-LEG-0336","distance","distance","src/features/Admin/Exercises/exerciseFormUtils.ts","metricTypeOptions","taxonomy-option","metric-type","active","metric","unknown","distance","none","indirect","admin validation/filtering","label/value only","unknown","active-direct","src/features/Admin/Exercises/exerciseFormUtils.ts:6","Taxonomy definition; not an exercise record."
"FIT-LEG-0337","weight","weight","src/features/Admin/Exercises/exerciseFormUtils.ts","metricTypeOptions","taxonomy-option","metric-type","active","metric","unknown","weight","none","indirect","admin validation/filtering","label/value only","unknown","active-direct","src/features/Admin/Exercises/exerciseFormUtils.ts:6","Taxonomy definition; not an exercise record."
"FIT-LEG-0338","core","Core","src/services/adminExerciseService.ts","tier1Options","validation-option","category","active","tier_1","unknown","validation","none","indirect","admin create/update/import validation","value only","candidate-core","active-direct","src/services/adminExerciseService.ts:9","Duplicates UI/catalog metadata taxonomy."
"FIT-LEG-0339","upper-body","Upper Body","src/services/adminExerciseService.ts","tier1Options","validation-option","category","active","tier_1","unknown","validation","none","indirect","admin create/update/import validation","value only","candidate-upper-body","active-direct","src/services/adminExerciseService.ts:9","Duplicates UI/catalog metadata taxonomy."
"FIT-LEG-0340","lower-body","Lower Body","src/services/adminExerciseService.ts","tier1Options","validation-option","category","active","tier_1","unknown","validation","none","indirect","admin create/update/import validation","value only","candidate-lower-body","active-direct","src/services/adminExerciseService.ts:9","Duplicates UI/catalog metadata taxonomy."
"FIT-LEG-0341","full-body","Full Body","src/services/adminExerciseService.ts","tier1Options","validation-option","category","active","tier_1","unknown","validation","none","indirect","admin create/update/import validation","value only","candidate-full-body","active-direct","src/services/adminExerciseService.ts:9","Duplicates UI/catalog metadata taxonomy."
"FIT-LEG-0342","strength","Strength","src/services/adminExerciseService.ts","tier2Options","validation-option","subcategory","active","tier_2","unknown","validation","none","indirect","admin create/update/import validation","value only","candidate-strength","active-direct","src/services/adminExerciseService.ts:10","Duplicates UI/catalog metadata taxonomy."
"FIT-LEG-0343","cardio","Cardio","src/services/adminExerciseService.ts","tier2Options","validation-option","subcategory","active","tier_2","unknown","validation","none","indirect","admin create/update/import validation","value only","candidate-cardio","active-direct","src/services/adminExerciseService.ts:10","Duplicates UI/catalog metadata taxonomy."
"FIT-LEG-0344","balance","Balance","src/services/adminExerciseService.ts","tier2Options","validation-option","subcategory","active","tier_2","unknown","validation","none","indirect","admin create/update/import validation","value only","candidate-balance","active-direct","src/services/adminExerciseService.ts:10","Duplicates UI/catalog metadata taxonomy."
"FIT-LEG-0345","mobility","Mobility","src/services/adminExerciseService.ts","tier2Options","validation-option","subcategory","active","tier_2","unknown","validation","none","indirect","admin create/update/import validation","value only","candidate-mobility-stretching","active-direct","src/services/adminExerciseService.ts:10","Duplicates UI/catalog metadata taxonomy."
"FIT-LEG-0346","power","Power","src/services/adminExerciseService.ts","tier2Options","validation-option","subcategory","active","tier_2","unknown","validation","none","indirect","admin create/update/import validation","value only","candidate-power","active-direct","src/services/adminExerciseService.ts:10","Duplicates UI/catalog metadata taxonomy."
"FIT-LEG-0347","beginner","Beginner","src/services/adminExerciseService.ts","difficultyOptions","validation-option","difficulty","active","difficulty","unknown","validation","none","indirect","admin create/update/import validation","value only","candidate-beginner","active-direct","src/services/adminExerciseService.ts:11","Duplicates UI/catalog metadata taxonomy."
"FIT-LEG-0348","intermediate","Intermediate","src/services/adminExerciseService.ts","difficultyOptions","validation-option","difficulty","active","difficulty","unknown","validation","none","indirect","admin create/update/import validation","value only","candidate-intermediate","active-direct","src/services/adminExerciseService.ts:11","Duplicates UI/catalog metadata taxonomy."
"FIT-LEG-0349","advanced","Advanced","src/services/adminExerciseService.ts","difficultyOptions","validation-option","difficulty","active","difficulty","unknown","validation","none","indirect","admin create/update/import validation","value only","candidate-advanced","active-direct","src/services/adminExerciseService.ts:11","Duplicates UI/catalog metadata taxonomy."
"FIT-LEG-0350","isometric","Isometric","src/features/Exercises/ExerciseLibraryScreen.tsx","movementTypeFilter options","taxonomy-option","movement-type","active","fitness","movement-type","filter","none","indirect","exercise library filtering","id|label","unknown","active-direct","src/features/Exercises/ExerciseLibraryScreen.tsx:75","Filters Firestore exercises by movementType or tags."
"FIT-LEG-0351","isotonic","Isotonic","src/features/Exercises/ExerciseLibraryScreen.tsx","movementTypeFilter options","taxonomy-option","movement-type","active","fitness","movement-type","filter","none","indirect","exercise library filtering","id|label","unknown","active-direct","src/features/Exercises/ExerciseLibraryScreen.tsx:75","Filters Firestore exercises by movementType or tags."
"FIT-LEG-0352","pushups","Pushups","scripts/testScoringGuards.ts","fitness test fixture","test-fixture","test-exercise","test-only","unknown","unknown","reps","reps","fixture-dependent","test-only","id|name/target/unit where provided","candidate-push-up","test-only","scripts/testScoringGuards.ts:1988","Not a production catalogue definition."
"FIT-LEG-0353","bearhold","Bearhold","scripts/testScoringGuards.ts","fitness test fixture","test-fixture","test-exercise","test-only","unknown","unknown","sec","sec","fixture-dependent","test-only","id|name/target/unit where provided","unknown","test-only","scripts/testScoringGuards.ts:2036","Not a production catalogue definition."
"FIT-LEG-0354","squats","Squats","scripts/testScoringGuards.ts","fitness test fixture","test-fixture","test-exercise","test-only","unknown","unknown","reps","reps","fixture-dependent","test-only","id|name/target/unit where provided","candidate-squat","test-only","scripts/testScoringGuards.ts:2218","Not a production catalogue definition."
"FIT-LEG-0355","run","Run","scripts/testScoringGuards.ts","fitness test fixture","test-fixture","test-exercise","test-only","unknown","unknown","km","km","fixture-dependent","test-only","id|name/target/unit where provided","candidate-running","test-only","scripts/testScoringGuards.ts:2314","Not a production catalogue definition."
"FIT-LEG-0356","pushups","Push-Ups","scripts/testChallengeCreation6Combinations.ts","fitness test fixture","test-fixture","test-exercise","test-only","unknown","unknown","Reps","Reps","fixture-dependent","test-only","id|name/target/unit where provided","candidate-push-up","test-only","scripts/testChallengeCreation6Combinations.ts:77","Not a production catalogue definition."
"FIT-LEG-0357","modified-push-up","Modified Push-Up","scripts/testActivitySessionRules.mjs","fitness test fixture","test-fixture","test-exercise","test-only","unknown","unknown","reps","reps","fixture-dependent","test-only","id|name/target/unit where provided","candidate-modified-push-up","test-only","scripts/testActivitySessionRules.mjs:71","Not a production catalogue definition."
"FIT-LEG-0358","bear-crawl-hold","Bear Crawl Hold","scripts/testActivitySessionRules.mjs","fitness test fixture","test-fixture","test-exercise","test-only","unknown","unknown","seconds","seconds","fixture-dependent","test-only","id|name/target/unit where provided","candidate-bear-crawl-hold","test-only","scripts/testActivitySessionRules.mjs:72","Not a production catalogue definition."
"FIT-LEG-0359","ex-1","Push-up","scripts/auditChallengeCreationPayloads.ts","fitness test fixture","test-fixture","test-exercise","test-only","unknown","unknown","Reps","Reps","fixture-dependent","test-only","id|name/target/unit where provided","candidate-push-up","test-only","scripts/auditChallengeCreationPayloads.ts:102","Not a production catalogue definition."
"FIT-LEG-0360","pushups","Push-Ups","scripts/testChallengeCreationBackend.ts","fitness test fixture","test-fixture","test-exercise","test-only","unknown","unknown","reps","reps","fixture-dependent","test-only","id|name/target/unit where provided","candidate-push-up","test-only","scripts/testChallengeCreationBackend.ts:115","Not a production catalogue definition."
"FIT-LEG-0361","squats","Squats","scripts/testServerTimestampSentinels.mjs","fitness test fixture","test-fixture","test-exercise","test-only","unknown","unknown","unknown","unknown","fixture-dependent","test-only","id|name/target/unit where provided","candidate-squat","test-only","scripts/testServerTimestampSentinels.mjs:63","Not a production catalogue definition."
"FIT-LEG-0362","running","Running","scripts/testOnboardingPersistenceRuntime.ts","exerciseInterests fixture","test-fixture","test-fitness-interest","test-only","fitness-interest","unknown","selection","none","none","test-only","id only","candidate-running","test-only","scripts/testOnboardingPersistenceRuntime.ts:26","Unique meaningful fixture value; placeholder a/b/c values excluded."
"FIT-LEG-0363","walking","Walking","scripts/testOnboardingPersistenceRuntime.ts","exerciseInterests fixture","test-fixture","test-fitness-interest","test-only","fitness-interest","unknown","selection","none","none","test-only","id only","candidate-walking","test-only","scripts/testOnboardingPersistenceRuntime.ts:26","Unique meaningful fixture value; placeholder a/b/c values excluded."
"FIT-LEG-0364","cycling","Cycling","scripts/testOnboardingPersistenceRuntime.ts","exerciseInterests fixture","test-fixture","test-fitness-interest","test-only","fitness-interest","unknown","selection","none","none","test-only","id only","candidate-cycling","test-only","scripts/testOnboardingPersistenceRuntime.ts:26","Unique meaningful fixture value; placeholder a/b/c values excluded."
"FIT-LEG-0365","running","Running","scripts/testUserProfilePatchEmulator.ts","exerciseInterests fixture","test-fixture","test-fitness-interest","test-only","fitness-interest","unknown","selection","none","none","test-only","id only","candidate-running","test-only","scripts/testUserProfilePatchEmulator.ts:38","Unique meaningful fixture value; placeholder a/b/c values excluded."
"FIT-LEG-0366","walking","Walking","scripts/testUserProfilePatchEmulator.ts","exerciseInterests fixture","test-fixture","test-fitness-interest","test-only","fitness-interest","unknown","selection","none","none","test-only","id only","candidate-walking","test-only","scripts/testUserProfilePatchEmulator.ts:38","Unique meaningful fixture value; placeholder a/b/c values excluded."
"FIT-LEG-0367","cycling","Cycling","scripts/testUserProfilePatchEmulator.ts","exerciseInterests fixture","test-fixture","test-fitness-interest","test-only","fitness-interest","unknown","selection","none","none","test-only","id only","candidate-cycling","test-only","scripts/testUserProfilePatchEmulator.ts:38","Unique meaningful fixture value; placeholder a/b/c values excluded."
"FIT-LEG-0368","swimming","Swimming","scripts/testUserProfilePatchEmulator.ts","exerciseInterests fixture","test-fixture","test-fitness-interest","test-only","fitness-interest","unknown","selection","none","none","test-only","id only","candidate-swimming","test-only","scripts/testUserProfilePatchEmulator.ts:38","Unique meaningful fixture value; placeholder a/b/c values excluded."
"FIT-LEG-0369","yoga","Yoga","scripts/testUserProfilePatchEmulator.ts","exerciseInterests fixture","test-fixture","test-fitness-interest","test-only","fitness-interest","unknown","selection","none","none","test-only","id only","candidate-yoga","test-only","scripts/testUserProfilePatchEmulator.ts:38","Unique meaningful fixture value; placeholder a/b/c values excluded."
